ALT_ALIZE_A_AX_35_C;TBF-005-C
ALT_ALIZE_A_AX_35_R1;TBF-005-R
ALT_ALIZE_A_AX_35_R2;TBF-005-F
ALT_ALIZE_A_AX_46_C;TBF-016-C
ALT_ALIZE_A_AX_46_R1;TBF-016-R
ALT_ALIZE_A_AX_46_R2;TBF-016-F
ALT_ALIZE_A_BR_37_C;TBF-025-C
ALT_ALIZE_A_BR_37_R1;TBF-025-R
ALT_ALIZE_A_BR_37_R2;TBF-025-F
ALT_ALIZE_A_BR_46_C;TBF-034-C
ALT_ALIZE_A_BR_46_R1;TBF-034-R
ALT_ALIZE_A_BR_46_R2;TBF-034-F
ALT_ALIZE_A_LY_34_C;TBF-041-C
ALT_ALIZE_A_LY_34_R1;TBF-041-R
ALT_ALIZE_A_LY_34_R2;TBF-041-F
ALT_ALIZE_A_LY_45_C;TBF-051-C
ALT_ALIZE_A_LY_45_R1;TBF-051-R
ALT_ALIZE_A_LY_45_R2;TBF-051-F
ALT_ALIZE_A_MU_35_C;TBF-058-C
ALT_ALIZE_A_MU_35_R1;TBF-058-R
ALT_ALIZE_A_MU_35_R2;TBF-058-F
ALT_ALIZE_A_MU_45_C;TBF-068-C
ALT_ALIZE_A_MU_45_R1;TBF-068-R
ALT_ALIZE_A_MU_45_R2;TBF-068-F
ALT_ALIZE_A_OR_38_C;TBF-074-C
ALT_ALIZE_A_OR_38_R1;TBF-074-R
ALT_ALIZE_A_OR_38_R2;TBF-074-F
ALT_ALIZE_A_OR_47_C;TBF-085-C
ALT_ALIZE_A_OR_47_R1;TBF-085-R
ALT_ALIZE_A_OR_47_R2;TBF-085-F
ALT_ALIZE_A_YZ_36_C;TBF-092-C
ALT_ALIZE_A_YZ_36_R1;TBF-092-R
ALT_ALIZE_A_YZ_36_R2;TBF-092-F
ALT_ALIZE_A_YZ_46_C;TBF-101-C
ALT_ALIZE_A_YZ_46_R1;TBF-101-R
ALT_ALIZE_A_YZ_46_R2;TBF-101-F
ALT_ALIZE_B_AX_01_C;TBF-001-H
ALT_ALIZE_B_AX_03_C;TBF-002-H
ALT_ALIZE_B_AX_31_C;TBF-103-T
ALT_ALIZE_B_AX_32_C;TBF-003-C
ALT_ALIZE_B_AX_32_R1;TBF-003-R
ALT_ALIZE_B_AX_32_R2;TBF-003-F
ALT_ALIZE_B_AX_33_C;TBF-004-C
ALT_ALIZE_B_AX_33_R1;TBF-004-R
ALT_ALIZE_B_AX_33_R2;TBF-004-F
ALT_ALIZE_B_AX_34_C;TBF-006-C
ALT_ALIZE_B_AX_34_R1;TBF-006-R
ALT_ALIZE_B_AX_34_R2;TBF-006-F
ALT_ALIZE_B_AX_35_C;TBF-005-C
ALT_ALIZE_B_AX_35_R1;TBF-005-R
ALT_ALIZE_B_AX_35_R2;TBF-005-F
ALT_ALIZE_B_AX_36_C;TBF-007-C
ALT_ALIZE_B_AX_36_R1;TBF-007-R
ALT_ALIZE_B_AX_36_R2;TBF-007-F
ALT_ALIZE_B_AX_37_C;TBF-008-C
ALT_ALIZE_B_AX_37_R1;TBF-008-R
ALT_ALIZE_B_AX_37_R2;TBF-008-F
ALT_ALIZE_B_AX_38_C;TBF-010-C
ALT_ALIZE_B_AX_38_R1;TBF-010-R
ALT_ALIZE_B_AX_38_R2;TBF-010-F
ALT_ALIZE_B_AX_39_C;TBF-011-C
ALT_ALIZE_B_AX_39_R1;TBF-011-R
ALT_ALIZE_B_AX_39_R2;TBF-011-F
ALT_ALIZE_B_AX_40_C;TBF-012-C
ALT_ALIZE_B_AX_40_R1;TBF-012-R
ALT_ALIZE_B_AX_40_R2;TBF-012-F
ALT_ALIZE_B_AX_41_C;TBF-013-C
ALT_ALIZE_B_AX_41_R1;TBF-013-R
ALT_ALIZE_B_AX_41_R2;TBF-013-F
ALT_ALIZE_B_AX_42_C;TBF-014-C
ALT_ALIZE_B_AX_42_R1;TBF-014-R
ALT_ALIZE_B_AX_42_R2;TBF-014-F
ALT_ALIZE_B_AX_43_C;TBF-015-C
ALT_ALIZE_B_AX_43_R1;TBF-015-R
ALT_ALIZE_B_AX_43_R2;TBF-015-F
ALT_ALIZE_B_AX_44_C;TBF-009-C
ALT_ALIZE_B_AX_44_R1;TBF-009-R
ALT_ALIZE_B_AX_44_R2;TBF-009-F
ALT_ALIZE_B_AX_45_C;TBF-017-C
ALT_ALIZE_B_AX_45_R1;TBF-017-R
ALT_ALIZE_B_AX_45_R2;TBF-017-F
ALT_ALIZE_B_AX_46_C;TBF-016-C
ALT_ALIZE_B_AX_46_R1;TBF-016-R
ALT_ALIZE_B_AX_46_R2;TBF-016-F
ALT_ALIZE_B_BR_01_C;TBF-018-H
ALT_ALIZE_B_BR_03_C;TBF-019-H
ALT_ALIZE_B_BR_31_C;TBF-104-T
ALT_ALIZE_B_BR_32_C;TBF-020-C
ALT_ALIZE_B_BR_32_R1;TBF-020-R
ALT_ALIZE_B_BR_32_R2;TBF-020-F
ALT_ALIZE_B_BR_33_C;TBF-022-C
ALT_ALIZE_B_BR_33_R1;TBF-022-R
ALT_ALIZE_B_BR_33_R2;TBF-022-F
ALT_ALIZE_B_BR_34_C;TBF-021-C
ALT_ALIZE_B_BR_34_R1;TBF-021-R
ALT_ALIZE_B_BR_34_R2;TBF-021-F
ALT_ALIZE_B_BR_35_C;TBF-023-C
ALT_ALIZE_B_BR_35_R1;TBF-023-R
ALT_ALIZE_B_BR_35_R2;TBF-023-F
ALT_ALIZE_B_BR_36_C;TBF-024-C
ALT_ALIZE_B_BR_36_R1;TBF-024-R
ALT_ALIZE_B_BR_36_R2;TBF-024-F
ALT_ALIZE_B_BR_37_C;TBF-025-C
ALT_ALIZE_B_BR_37_R1;TBF-025-R
ALT_ALIZE_B_BR_37_R2;TBF-025-F
ALT_ALIZE_B_BR_38_C;TBF-026-C
ALT_ALIZE_B_BR_38_R1;TBF-026-R
ALT_ALIZE_B_BR_38_R2;TBF-026-F
ALT_ALIZE_B_BR_39_C;TBF-027-C
ALT_ALIZE_B_BR_39_R1;TBF-027-R
ALT_ALIZE_B_BR_39_R2;TBF-027-F
ALT_ALIZE_B_BR_40_C;TBF-028-C
ALT_ALIZE_B_BR_40_R1;TBF-028-R
ALT_ALIZE_B_BR_40_R2;TBF-028-F
ALT_ALIZE_B_BR_41_C;TBF-030-C
ALT_ALIZE_B_BR_41_R1;TBF-030-R
ALT_ALIZE_B_BR_41_R2;TBF-030-F
ALT_ALIZE_B_BR_42_C;TBF-029-C
ALT_ALIZE_B_BR_42_R1;TBF-029-R
ALT_ALIZE_B_BR_42_R2;TBF-029-F
ALT_ALIZE_B_BR_43_C;TBF-032-C
ALT_ALIZE_B_BR_43_R1;TBF-032-R
ALT_ALIZE_B_BR_43_R2;TBF-032-F
ALT_ALIZE_B_BR_44_C;TBF-031-C
ALT_ALIZE_B_BR_44_R1;TBF-031-R
ALT_ALIZE_B_BR_44_R2;TBF-031-F
ALT_ALIZE_B_BR_45_C;TBF-033-C
ALT_ALIZE_B_BR_45_R1;TBF-033-R
ALT_ALIZE_B_BR_45_R2;TBF-033-F
ALT_ALIZE_B_BR_46_C;TBF-034-C
ALT_ALIZE_B_BR_46_R1;TBF-034-R
ALT_ALIZE_B_BR_46_R2;TBF-034-F
ALT_ALIZE_B_LY_02_C;TBF-036-H
ALT_ALIZE_B_LY_03_C;TBF-035-H
ALT_ALIZE_B_LY_31_C;TBF-038-C
ALT_ALIZE_B_LY_31_R1;TBF-038-R
ALT_ALIZE_B_LY_31_R2;TBF-038-F
ALT_ALIZE_B_LY_32_C;TBF-039-C
ALT_ALIZE_B_LY_32_R1;TBF-039-R
ALT_ALIZE_B_LY_32_R2;TBF-039-F
ALT_ALIZE_B_LY_33_C;TBF-037-C
ALT_ALIZE_B_LY_33_R1;TBF-037-R
ALT_ALIZE_B_LY_33_R2;TBF-037-F
ALT_ALIZE_B_LY_34_C;TBF-041-C
ALT_ALIZE_B_LY_34_R1;TBF-041-R
ALT_ALIZE_B_LY_34_R2;TBF-041-F
ALT_ALIZE_B_LY_35_C;TBF-040-C
ALT_ALIZE_B_LY_35_R1;TBF-040-R
ALT_ALIZE_B_LY_35_R2;TBF-040-F
ALT_ALIZE_B_LY_36_C;TBF-042-C
ALT_ALIZE_B_LY_36_R1;TBF-042-R
ALT_ALIZE_B_LY_36_R2;TBF-042-F
ALT_ALIZE_B_LY_37_C;TBF-044-C
ALT_ALIZE_B_LY_37_R1;TBF-044-R
ALT_ALIZE_B_LY_37_R2;TBF-044-F
ALT_ALIZE_B_LY_38_C;TBF-043-C
ALT_ALIZE_B_LY_38_R1;TBF-043-R
ALT_ALIZE_B_LY_38_R2;TBF-043-F
ALT_ALIZE_B_LY_39_C;TBF-045-C
ALT_ALIZE_B_LY_39_R1;TBF-045-R
ALT_ALIZE_B_LY_39_R2;TBF-045-F
ALT_ALIZE_B_LY_40_C;TBF-046-C
ALT_ALIZE_B_LY_40_R1;TBF-046-R
ALT_ALIZE_B_LY_40_R2;TBF-046-F
ALT_ALIZE_B_LY_41_C;TBF-047-C
ALT_ALIZE_B_LY_41_R1;TBF-047-R
ALT_ALIZE_B_LY_41_R2;TBF-047-F
ALT_ALIZE_B_LY_42_C;TBF-048-C
ALT_ALIZE_B_LY_42_R1;TBF-048-R
ALT_ALIZE_B_LY_42_R2;TBF-048-F
ALT_ALIZE_B_LY_43_C;TBF-049-C
ALT_ALIZE_B_LY_43_R1;TBF-049-R
ALT_ALIZE_B_LY_43_R2;TBF-049-F
ALT_ALIZE_B_LY_44_C;TBF-050-C
ALT_ALIZE_B_LY_44_R1;TBF-050-R
ALT_ALIZE_B_LY_44_R2;TBF-050-F
ALT_ALIZE_B_LY_45_C;TBF-051-C
ALT_ALIZE_B_LY_45_R1;TBF-051-R
ALT_ALIZE_B_LY_45_R2;TBF-051-F
ALT_ALIZE_B_MU_02_C;TBF-052-H
ALT_ALIZE_B_MU_03_C;TBF-053-H
ALT_ALIZE_B_MU_31_C;TBF-055-C
ALT_ALIZE_B_MU_31_R1;TBF-055-R
ALT_ALIZE_B_MU_31_R2;TBF-055-F
ALT_ALIZE_B_MU_32_C;TBF-054-C
ALT_ALIZE_B_MU_32_R1;TBF-054-R
ALT_ALIZE_B_MU_32_R2;TBF-054-F
ALT_ALIZE_B_MU_33_C;TBF-056-C
ALT_ALIZE_B_MU_33_R1;TBF-056-R
ALT_ALIZE_B_MU_33_R2;TBF-056-F
ALT_ALIZE_B_MU_34_C;TBF-057-C
ALT_ALIZE_B_MU_34_R1;TBF-057-R
ALT_ALIZE_B_MU_34_R2;TBF-057-F
ALT_ALIZE_B_MU_35_C;TBF-058-C
ALT_ALIZE_B_MU_35_R1;TBF-058-R
ALT_ALIZE_B_MU_35_R2;TBF-058-F
ALT_ALIZE_B_MU_36_C;TBF-059-C
ALT_ALIZE_B_MU_36_R1;TBF-059-R
ALT_ALIZE_B_MU_36_R2;TBF-059-F
ALT_ALIZE_B_MU_37_C;TBF-060-C
ALT_ALIZE_B_MU_37_R1;TBF-060-R
ALT_ALIZE_B_MU_37_R2;TBF-060-F
ALT_ALIZE_B_MU_38_C;TBF-062-C
ALT_ALIZE_B_MU_38_R1;TBF-062-R
ALT_ALIZE_B_MU_38_R2;TBF-062-F
ALT_ALIZE_B_MU_39_C;TBF-061-C
ALT_ALIZE_B_MU_39_R1;TBF-061-R
ALT_ALIZE_B_MU_39_R2;TBF-061-F
ALT_ALIZE_B_MU_40_C;TBF-063-C
ALT_ALIZE_B_MU_40_R1;TBF-063-R
ALT_ALIZE_B_MU_40_R2;TBF-063-F
ALT_ALIZE_B_MU_41_C;TBF-064-C
ALT_ALIZE_B_MU_41_R1;TBF-064-R
ALT_ALIZE_B_MU_41_R2;TBF-064-F
ALT_ALIZE_B_MU_42_C;TBF-065-C
ALT_ALIZE_B_MU_42_R1;TBF-065-R
ALT_ALIZE_B_MU_42_R2;TBF-065-F
ALT_ALIZE_B_MU_43_C;TBF-066-C
ALT_ALIZE_B_MU_43_R1;TBF-066-R
ALT_ALIZE_B_MU_43_R2;TBF-066-F
ALT_ALIZE_B_MU_44_C;TBF-067-C
ALT_ALIZE_B_MU_44_R1;TBF-067-R
ALT_ALIZE_B_MU_44_R2;TBF-067-F
ALT_ALIZE_B_MU_45_C;TBF-068-C
ALT_ALIZE_B_MU_45_R1;TBF-068-R
ALT_ALIZE_B_MU_45_R2;TBF-068-F
ALT_ALIZE_B_NE_01_C;TBF-108-T
ALT_ALIZE_B_NE_02_C;TBF-107-T
ALT_ALIZE_B_OR_01_C;TBF-069-H
ALT_ALIZE_B_OR_03_C;TBF-070-H
ALT_ALIZE_B_OR_31_C;TBF-105-T
ALT_ALIZE_B_OR_33_C;TBF-071-C
ALT_ALIZE_B_OR_33_R1;TBF-071-R
ALT_ALIZE_B_OR_33_R2;TBF-071-F
ALT_ALIZE_B_OR_34_C;TBF-072-C
ALT_ALIZE_B_OR_34_R1;TBF-072-R
ALT_ALIZE_B_OR_34_R2;TBF-072-F
ALT_ALIZE_B_OR_35_C;TBF-076-C
ALT_ALIZE_B_OR_35_R1;TBF-076-R
ALT_ALIZE_B_OR_35_R2;TBF-076-F
ALT_ALIZE_B_OR_36_C;TBF-073-C
ALT_ALIZE_B_OR_36_R1;TBF-073-R
ALT_ALIZE_B_OR_36_R2;TBF-073-F
ALT_ALIZE_B_OR_37_C;TBF-075-C
ALT_ALIZE_B_OR_37_R1;TBF-075-R
ALT_ALIZE_B_OR_37_R2;TBF-075-F
ALT_ALIZE_B_OR_38_C;TBF-074-C
ALT_ALIZE_B_OR_38_R1;TBF-074-R
ALT_ALIZE_B_OR_38_R2;TBF-074-F
ALT_ALIZE_B_OR_39_C;TBF-077-C
ALT_ALIZE_B_OR_39_R1;TBF-077-R
ALT_ALIZE_B_OR_39_R2;TBF-077-F
ALT_ALIZE_B_OR_40_C;TBF-081-C
ALT_ALIZE_B_OR_40_R1;TBF-081-R
ALT_ALIZE_B_OR_40_R2;TBF-081-F
ALT_ALIZE_B_OR_41_C;TBF-078-C
ALT_ALIZE_B_OR_41_R1;TBF-078-R
ALT_ALIZE_B_OR_41_R2;TBF-078-F
ALT_ALIZE_B_OR_42_C;TBF-083-C
ALT_ALIZE_B_OR_42_R1;TBF-083-R
ALT_ALIZE_B_OR_42_R2;TBF-083-F
ALT_ALIZE_B_OR_43_C;TBF-082-C
ALT_ALIZE_B_OR_43_R1;TBF-082-R
ALT_ALIZE_B_OR_43_R2;TBF-082-F
ALT_ALIZE_B_OR_44_C;TBF-080-C
ALT_ALIZE_B_OR_44_R1;TBF-080-R
ALT_ALIZE_B_OR_44_R2;TBF-080-F
ALT_ALIZE_B_OR_45_C;TBF-084-C
ALT_ALIZE_B_OR_45_R1;TBF-084-R
ALT_ALIZE_B_OR_45_R2;TBF-084-F
ALT_ALIZE_B_OR_46_C;TBF-079-C
ALT_ALIZE_B_OR_46_R1;TBF-079-R
ALT_ALIZE_B_OR_46_R2;TBF-079-F
ALT_ALIZE_B_OR_47_C;TBF-085-C
ALT_ALIZE_B_OR_47_R1;TBF-085-R
ALT_ALIZE_B_OR_47_R2;TBF-085-F
ALT_ALIZE_B_YZ_01_C;TBF-086-H
ALT_ALIZE_B_YZ_03_C;TBF-087-H
ALT_ALIZE_B_YZ_32_C;TBF-088-C
ALT_ALIZE_B_YZ_32_R1;TBF-088-R
ALT_ALIZE_B_YZ_32_R2;TBF-088-F
ALT_ALIZE_B_YZ_33_C;TBF-089-C
ALT_ALIZE_B_YZ_33_R1;TBF-089-R
ALT_ALIZE_B_YZ_33_R2;TBF-089-F
ALT_ALIZE_B_YZ_34_C;TBF-090-C
ALT_ALIZE_B_YZ_34_R1;TBF-090-R
ALT_ALIZE_B_YZ_34_R2;TBF-090-F
ALT_ALIZE_B_YZ_35_C;TBF-091-C
ALT_ALIZE_B_YZ_35_R1;TBF-091-R
ALT_ALIZE_B_YZ_35_R2;TBF-091-F
ALT_ALIZE_B_YZ_36_C;TBF-092-C
ALT_ALIZE_B_YZ_36_R1;TBF-092-R
ALT_ALIZE_B_YZ_36_R2;TBF-092-F
ALT_ALIZE_B_YZ_37_C;TBF-099-C
ALT_ALIZE_B_YZ_37_R1;TBF-099-R
ALT_ALIZE_B_YZ_37_R2;TBF-099-F
ALT_ALIZE_B_YZ_38_C;TBF-093-C
ALT_ALIZE_B_YZ_38_R1;TBF-093-R
ALT_ALIZE_B_YZ_38_R2;TBF-093-F
ALT_ALIZE_B_YZ_39_C;TBF-094-C
ALT_ALIZE_B_YZ_39_R1;TBF-094-R
ALT_ALIZE_B_YZ_39_R2;TBF-094-F
ALT_ALIZE_B_YZ_40_C;TBF-096-C
ALT_ALIZE_B_YZ_40_R1;TBF-096-R
ALT_ALIZE_B_YZ_40_R2;TBF-096-F
ALT_ALIZE_B_YZ_41_C;TBF-095-C
ALT_ALIZE_B_YZ_41_R1;TBF-095-R
ALT_ALIZE_B_YZ_41_R2;TBF-095-F
ALT_ALIZE_B_YZ_42_C;TBF-097-C
ALT_ALIZE_B_YZ_42_R1;TBF-097-R
ALT_ALIZE_B_YZ_42_R2;TBF-097-F
ALT_ALIZE_B_YZ_43_C;TBF-098-C
ALT_ALIZE_B_YZ_43_R1;TBF-098-R
ALT_ALIZE_B_YZ_43_R2;TBF-098-F
ALT_ALIZE_B_YZ_44_C;TBF-100-C
ALT_ALIZE_B_YZ_44_R1;TBF-100-R
ALT_ALIZE_B_YZ_44_R2;TBF-100-F
ALT_ALIZE_B_YZ_45_C;TBF-102-C
ALT_ALIZE_B_YZ_45_R1;TBF-102-R
ALT_ALIZE_B_YZ_45_R2;TBF-102-F
ALT_ALIZE_B_YZ_46_C;TBF-101-C
ALT_ALIZE_B_YZ_46_R1;TBF-101-R
ALT_ALIZE_B_YZ_46_R2;TBF-101-F
ALT_ALIZE_B_YZ_47_C;TBF-106-T
ALT_ALIZE_P_OR_48_C;TBF-109-C
ALT_ALIZE_P_OR_48_R1;TBF-109-R
ALT_ALIZE_P_OR_48_R2;TBF-109-F
ALT_BISE_A_AX_56_C;WFM-010-C
ALT_BISE_A_AX_56_R1;WFM-010-R
ALT_BISE_A_AX_56_R2;WFM-010-F
ALT_BISE_A_AX_63_C;WFM-016-C
ALT_BISE_A_AX_63_R1;WFM-016-R
ALT_BISE_A_AX_63_R2;WEM-016-F
ALT_BISE_A_BR_58_C;WFM-030-C
ALT_BISE_A_BR_58_R1;WFM-030-R
ALT_BISE_A_BR_58_R2;WFM-030-F
ALT_BISE_A_BR_63_C;WFM-034-C
ALT_BISE_A_BR_63_R1;WFM-034-R
ALT_BISE_A_BR_63_R2;WFM-034-F
ALT_BISE_A_LY_53_C;WFM-041-C
ALT_BISE_A_LY_53_R1;WFM-041-R
ALT_BISE_A_LY_53_R2;WFM-041-F
ALT_BISE_A_LY_63_C;WEM-050-C
ALT_BISE_A_LY_63_R1;WFM-050-R
ALT_BISE_A_LY_63_R2;WFM-050-F
ALT_BISE_A_MU_58_C;WFM-063-C
ALT_BISE_A_MU_58_R1;WFM-063-R
ALT_BISE_A_MU_58_R2;WFM-063-F
ALT_BISE_A_MU_62_C;WFM-068-C
ALT_BISE_A_MU_62_R1;WFM-068-R
ALT_BISE_A_MU_62_R2;WFM-068-F
ALT_BISE_A_OR_57_C;WFM-079-C
ALT_BISE_A_OR_57_R1;WFM-079-R
ALT_BISE_A_OR_57_R2;WFM-079-F
ALT_BISE_A_OR_63_C;WEM-084-C
ALT_BISE_A_OR_63_R1;WFM-084-R
ALT_BISE_A_OR_63_R2;WFM-084-F
ALT_BISE_A_YZ_52_C;WFM-089-C
ALT_BISE_A_YZ_52_R1;WFM-089-R
ALT_BISE_A_YZ_52_R2;WFM-089-F
ALT_BISE_A_YZ_62_C;WFM-101-C
ALT_BISE_A_YZ_62_R1;WFM-101-R
ALT_BISE_A_YZ_62_R2;WFM-101-F
ALT_BISE_B_AX_02_C;WFM-002-H
ALT_BISE_B_AX_03_C;WFM-001-H
ALT_BISE_B_AX_31_C;WFM-103-T
ALT_BISE_B_AX_49_C;WFM-003-C
ALT_BISE_B_AX_49_R1;WFM-003-R
ALT_BISE_B_AX_49_R2;WFM-003-F
ALT_BISE_B_AX_50_C;WFM-006-C
ALT_BISE_B_AX_50_R1;WFM-006-R
ALT_BISE_B_AX_50_R2;WFM-006-F
ALT_BISE_B_AX_51_C;WFM-004-C
ALT_BISE_B_AX_51_R1;WFM-004-R
ALT_BISE_B_AX_51_R2;WFM-004-F
ALT_BISE_B_AX_52_C;WFM-007-C
ALT_BISE_B_AX_52_R1;WFM-007-R
ALT_BISE_B_AX_52_R2;WFM-007-F
ALT_BISE_B_AX_53_C;WFM-005-C
ALT_BISE_B_AX_53_R1;WFM-005-R
ALT_BISE_B_AX_53_R2;WFM-005-F
ALT_BISE_B_AX_54_C;WFM-009-C
ALT_BISE_B_AX_54_R1;WFM-009-R
ALT_BISE_B_AX_54_R2;WFM-009-F
ALT_BISE_B_AX_55_C;WFM-008-C
ALT_BISE_B_AX_55_R1;WFM-008-R
ALT_BISE_B_AX_55_R2;WFM-008-F
ALT_BISE_B_AX_56_C;WFM-010-C
ALT_BISE_B_AX_56_R1;WFM-010-R
ALT_BISE_B_AX_56_R2;WFM-010-F
ALT_BISE_B_AX_57_C;WFM-011-C
ALT_BISE_B_AX_57_R1;WFM-011-R
ALT_BISE_B_AX_57_R2;WFM-011-F
ALT_BISE_B_AX_58_C;WFM-012-C
ALT_BISE_B_AX_58_R1;WFM-012-R
ALT_BISE_B_AX_58_R2;WFM-012-F
ALT_BISE_B_AX_59_C;WFM-013-C
ALT_BISE_B_AX_59_R1;WFM-013-R
ALT_BISE_B_AX_59_R2;WFM-013-F
ALT_BISE_B_AX_60_C;WFM-015-C
ALT_BISE_B_AX_60_R1;WFM-015-R
ALT_BISE_B_AX_60_R2;WFM-015-F
ALT_BISE_B_AX_61_C;WFM-017-C
ALT_BISE_B_AX_61_R1;WFM-017-R
ALT_BISE_B_AX_61_R2;WFM-017-F
ALT_BISE_B_AX_62_C;WFM-014-C
ALT_BISE_B_AX_62_R1;WFM-014-R
ALT_BISE_B_AX_62_R2;WFM-014-F
ALT_BISE_B_AX_63_C;WFM-016-C
ALT_BISE_B_AX_63_R1;WFM-016-R
ALT_BISE_B_AX_63_R2;WFM-016-F
ALT_BISE_B_BR_02_C;WFM-018-H
ALT_BISE_B_BR_03_C;WFM-019-H
ALT_BISE_B_BR_49_C;WFM-020-C
ALT_BISE_B_BR_49_R1;WFM-020-R
ALT_BISE_B_BR_49_R2;WFM-020-F
ALT_BISE_B_BR_50_C;WFM-023-C
ALT_BISE_B_BR_50_R1;WFM-023-R
ALT_BISE_B_BR_50_R2;WFM-023-F
ALT_BISE_B_BR_51_C;WFM-022-C
ALT_BISE_B_BR_51_R1;WFM-022-R
ALT_BISE_B_BR_51_R2;WFM-022-F
ALT_BISE_B_BR_52_C;WFM-024-C
ALT_BISE_B_BR_52_R1;WFM-024-R
ALT_BISE_B_BR_52_R2;WFM-024-F
ALT_BISE_B_BR_53_C;WFM-021-C
ALT_BISE_B_BR_53_R1;WFM-021-R
ALT_BISE_B_BR_53_R2;WFM-021-F
ALT_BISE_B_BR_54_C;WFM-025-C
ALT_BISE_B_BR_54_R1;WFM-025-R
ALT_BISE_B_BR_54_R2;WFM-025-F
ALT_BISE_B_BR_55_C;WFM-026-C
ALT_BISE_B_BR_55_R1;WFM-026-R
ALT_BISE_B_BR_55_R2;WFM-026-F
ALT_BISE_B_BR_56_C;WFM-027-C
ALT_BISE_B_BR_56_R1;WFM-027-R
ALT_BISE_B_BR_56_R2;WFM-027-F
ALT_BISE_B_BR_57_C;WFM-029-C
ALT_BISE_B_BR_57_R1;WFM-029-R
ALT_BISE_B_BR_57_R2;WFM-029-F
ALT_BISE_B_BR_58_C;WFM-030-C
ALT_BISE_B_BR_58_R1;WFM-030-R
ALT_BISE_B_BR_58_R2;WFM-030-F
ALT_BISE_B_BR_59_C;WFM-028-C
ALT_BISE_B_BR_59_R1;WFM-028-R
ALT_BISE_B_BR_59_R2;WFM-028-F
ALT_BISE_B_BR_60_C;WFM-031-C
ALT_BISE_B_BR_60_R1;WFM-031-R
ALT_BISE_B_BR_60_R2;WFM-031-F
ALT_BISE_B_BR_61_C;WFM-032-C
ALT_BISE_B_BR_61_R1;WFM-032-R
ALT_BISE_B_BR_61_R2;WFM-032-F
ALT_BISE_B_BR_62_C;WFM-033-C
ALT_BISE_B_BR_62_R1;WFM-033-R
ALT_BISE_B_BR_62_R2;WFM-033-F
ALT_BISE_B_BR_63_C;WFM-034-C
ALT_BISE_B_BR_63_R1;WFM-034-R
ALT_BISE_B_BR_63_R2;WFM-034-F
ALT_BISE_B_LY_01_C;WFM-035-H
ALT_BISE_B_LY_03_C;WFM-036-H
ALT_BISE_B_LY_49_C;WFM-037-C
ALT_BISE_B_LY_49_R1;WFM-037-R
ALT_BISE_B_LY_49_R2;WFM-037-F
ALT_BISE_B_LY_50_C;WFM-038-C
ALT_BISE_B_LY_50_R1;WFM-038-R
ALT_BISE_B_LY_50_R2;WFM-038-F
ALT_BISE_B_LY_51_C;WFM-039-C
ALT_BISE_B_LY_51_R1;WFM-039-R
ALT_BISE_B_LY_51_R2;WFM-039-F
ALT_BISE_B_LY_52_C;WFM-040-C
ALT_BISE_B_LY_52_R1;WFM-040-R
ALT_BISE_B_LY_52_R2;WFM-040-F
ALT_BISE_B_LY_53_C;WFM-041-C
ALT_BISE_B_LY_53_R1;WFM-041-R
ALT_BISE_B_LY_53_R2;WFM-041-F
ALT_BISE_B_LY_54_C;WFM-043-C
ALT_BISE_B_LY_54_R1;WFM-043-R
ALT_BISE_B_LY_54_R2;WFM-043-F
ALT_BISE_B_LY_55_C;WFM-042-C
ALT_BISE_B_LY_55_R1;WFM-042-R
ALT_BISE_B_LY_55_R2;WFM-042-F
ALT_BISE_B_LY_56_C;WFM-044-C
ALT_BISE_B_LY_56_R1;WFM-044-R
ALT_BISE_B_LY_56_R2;WFM-044-F
ALT_BISE_B_LY_57_C;WFM-045-C
ALT_BISE_B_LY_57_R1;WFM-045-R
ALT_BISE_B_LY_57_R2;WFM-045-F
ALT_BISE_B_LY_58_C;WFM-046-C
ALT_BISE_B_LY_58_R1;WFM-046-R
ALT_BISE_B_LY_58_R2;WFM-046-F
ALT_BISE_B_LY_59_C;WFM-048-C
ALT_BISE_B_LY_59_R1;WFM-048-R
ALT_BISE_B_LY_59_R2;WFM-048-F
ALT_BISE_B_LY_60_C;WFM-049-C
ALT_BISE_B_LY_60_R1;WFM-049-R
ALT_BISE_B_LY_60_R2;WFM-049-F
ALT_BISE_B_LY_61_C;WFM-047-C
ALT_BISE_B_LY_61_R1;WFM-047-R
ALT_BISE_B_LY_61_R2;WFM-047-F
ALT_BISE_B_LY_62_C;WFM-051-C
ALT_BISE_B_LY_62_R1;WFM-051-R
ALT_BISE_B_LY_62_R2;WFM-051-F
ALT_BISE_B_LY_63_C;WFM-050-C
ALT_BISE_B_LY_63_R1;WFM-050-R
ALT_BISE_B_LY_63_R2;WFM-050-F
ALT_BISE_B_MU_01_C;WFM-052-H
ALT_BISE_B_MU_03_C;WFM-053-H
ALT_BISE_B_MU_49_C;WFM-054-C
ALT_BISE_B_MU_49_R1;WFM-054-R
ALT_BISE_B_MU_49_R2;WFM-054-F
ALT_BISE_B_MU_50_C;WFM-055-C
ALT_BISE_B_MU_50_R1;WFM-055-R
ALT_BISE_B_MU_50_R2;WFM-055-F
ALT_BISE_B_MU_51_C;WFM-056-C
ALT_BISE_B_MU_51_R1;WFM-056-R
ALT_BISE_B_MU_51_R2;WFM-056-F
ALT_BISE_B_MU_52_C;WFM-057-C
ALT_BISE_B_MU_52_R1;WFM-057-R
ALT_BISE_B_MU_52_R2;WFM-057-F
ALT_BISE_B_MU_53_C;WFM-059-C
ALT_BISE_B_MU_53_R1;WFM-059-R
ALT_BISE_B_MU_53_R2;WFM-059-F
ALT_BISE_B_MU_54_C;WFM-058-C
ALT_BISE_B_MU_54_R1;WFM-058-R
ALT_BISE_B_MU_54_R2;WFM-058-F
ALT_BISE_B_MU_55_C;WFM-060-C
ALT_BISE_B_MU_55_R1;WFM-060-R
ALT_BISE_B_MU_55_R2;WFM-060-F
ALT_BISE_B_MU_56_C;WFM-061-C
ALT_BISE_B_MU_56_R1;WFM-061-R
ALT_BISE_B_MU_56_R2;WFM-061-F
ALT_BISE_B_MU_57_C;WFM-062-C
ALT_BISE_B_MU_57_R1;WFM-062-R
ALT_BISE_B_MU_57_R2;WFM-062-F
ALT_BISE_B_MU_58_C;WFM-063-C
ALT_BISE_B_MU_58_R1;WFM-063-R
ALT_BISE_B_MU_58_R2;WFM-063-F
ALT_BISE_B_MU_59_C;WFM-064-C
ALT_BISE_B_MU_59_R1;WFM-064-R
ALT_BISE_B_MU_59_R2;WFM-064-F
ALT_BISE_B_MU_60_C;WFM-065-C
ALT_BISE_B_MU_60_R1;WFM-065-R
ALT_BISE_B_MU_60_R2;WFM-065-F
ALT_BISE_B_MU_61_C;WFM-066-C
ALT_BISE_B_MU_61_R1;WFM-066-R
ALT_BISE_B_MU_61_R2;WFM-066-F
ALT_BISE_B_MU_62_C;WFM-068-C
ALT_BISE_B_MU_62_R1;WFM-068-R
ALT_BISE_B_MU_62_R2;WFM-068-F
ALT_BISE_B_MU_63_C;WFM-067-C
ALT_BISE_B_MU_63_R1;WFM-067-R
ALT_BISE_B_MU_63_R2;WFM-067-F
ALT_BISE_B_NE_01_C;WFM-106-T
ALT_BISE_B_OR_02_C;WFM-070-H
ALT_BISE_B_OR_03_C;WFM-069-H
ALT_BISE_B_OR_31_C;WFM-104-T
ALT_BISE_B_OR_49_C;WFM-071-C
ALT_BISE_B_OR_49_R1;WFM-071-R
ALT_BISE_B_OR_49_R2;WFM-071-F
ALT_BISE_B_OR_50_C;WFM-073-C
ALT_BISE_B_OR_50_R1;WFM-073-R
ALT_BISE_B_OR_50_R2;WFM-073-F
ALT_BISE_B_OR_51_C;WFM-072-C
ALT_BISE_B_OR_51_R1;WFM-072-R
ALT_BISE_B_OR_51_R2;WFM-072-F
ALT_BISE_B_OR_52_C;WFM-074-C
ALT_BISE_B_OR_52_R1;WFM-074-R
ALT_BISE_B_OR_52_R2;WFM-074-F
ALT_BISE_B_OR_53_C;WFM-076-C
ALT_BISE_B_OR_53_R1;WFM-076-R
ALT_BISE_B_OR_53_R2;WFM-076-F
ALT_BISE_B_OR_54_C;WFM-075-C
ALT_BISE_B_OR_54_R1;WFM-075-R
ALT_BISE_B_OR_54_R2;WFM-075-F
ALT_BISE_B_OR_55_C;WFM-078-C
ALT_BISE_B_OR_55_R1;WFM-078-R
ALT_BISE_B_OR_55_R2;WFM-078-F
ALT_BISE_B_OR_56_C;WFM-077-C
ALT_BISE_B_OR_56_R1;WFM-077-R
ALT_BISE_B_OR_56_R2;WFM-077-F
ALT_BISE_B_OR_57_C;WFM-079-C
ALT_BISE_B_OR_57_R1;WFM-079-R
ALT_BISE_B_OR_57_R2;WFM-079-F
ALT_BISE_B_OR_58_C;WFM-080-C
ALT_BISE_B_OR_58_R1;WFM-080-R
ALT_BISE_B_OR_58_R2;WFM-080-F
ALT_BISE_B_OR_59_C;WFM-082-C
ALT_BISE_B_OR_59_R1;WFM-082-R
ALT_BISE_B_OR_59_R2;WFM-082-F
ALT_BISE_B_OR_60_C;WFM-081-C
ALT_BISE_B_OR_60_R1;WFM-081-R
ALT_BISE_B_OR_60_R2;WFM-081-F
ALT_BISE_B_OR_61_C;WFM-083-C
ALT_BISE_B_OR_61_R1;WFM-083-R
ALT_BISE_B_OR_61_R2;WFM-083-F
ALT_BISE_B_OR_62_C;WFM-085-C
ALT_BISE_B_OR_62_R1;WFM-085-R
ALT_BISE_B_OR_62_R2;WFM-085-F
ALT_BISE_B_OR_63_C;WFM-084-C
ALT_BISE_B_OR_63_R1;WFM-084-R
ALT_BISE_B_OR_63_R2;WFM-084-F
ALT_BISE_B_YZ_01_C;WFM-086-H
ALT_BISE_B_YZ_03_C;WFM-087-H
ALT_BISE_B_YZ_47_C;WFM-105-T
ALT_BISE_B_YZ_49_C;WFM-088-C
ALT_BISE_B_YZ_49_R1;WFM-088-R
ALT_BISE_B_YZ_49_R2;WFM-088-F
ALT_BISE_B_YZ_50_C;WFM-090-C
ALT_BISE_B_YZ_50_R1;WFM-090-R
ALT_BISE_B_YZ_50_R2;WFM-090-F
ALT_BISE_B_YZ_51_C;WFM-091-C
ALT_BISE_B_YZ_51_R1;WFM-091-R
ALT_BISE_B_YZ_51_R2;WFM-091-F
ALT_BISE_B_YZ_52_C;WFM-089-C
ALT_BISE_B_YZ_52_R1;WFM-089-R
ALT_BISE_B_YZ_52_R2;WFM-089-F
ALT_BISE_B_YZ_53_C;WFM-092-C
ALT_BISE_B_YZ_53_R1;WFM-092-R
ALT_BISE_B_YZ_53_R2;WFM-092-F
ALT_BISE_B_YZ_54_C;WFM-095-C
ALT_BISE_B_YZ_54_R1;WFM-095-R
ALT_BISE_B_YZ_54_R2;WFM-095-F
ALT_BISE_B_YZ_55_C;WFM-094-C
ALT_BISE_B_YZ_55_R1;WFM-094-R
ALT_BISE_B_YZ_55_R2;WFM-094-F
ALT_BISE_B_YZ_56_C;WFM-096-C
ALT_BISE_B_YZ_56_R1;WFM-096-R
ALT_BISE_B_YZ_56_R2;WFM-096-F
ALT_BISE_B_YZ_57_C;WFM-097-C
ALT_BISE_B_YZ_57_R1;WFM-097-R
ALT_BISE_B_YZ_57_R2;WFM-097-F
ALT_BISE_B_YZ_58_C;WFM-098-C
ALT_BISE_B_YZ_58_R1;WFM-098-R
ALT_BISE_B_YZ_58_R2;WFM-098-F
ALT_BISE_B_YZ_59_C;WFM-093-C
ALT_BISE_B_YZ_59_R1;WFM-093-R
ALT_BISE_B_YZ_59_R2;WFM-093-F
ALT_BISE_B_YZ_60_C;WFM-099-C
ALT_BISE_B_YZ_60_R1;WFM-099-R
ALT_BISE_B_YZ_60_R2;WFM-099-F
ALT_BISE_B_YZ_61_C;WFM-100-C
ALT_BISE_B_YZ_61_R1;WFM-100-R
ALT_BISE_B_YZ_61_R2;WFM-100-F
ALT_BISE_B_YZ_62_C;WFM-101-C
ALT_BISE_B_YZ_62_R1;WFM-101-R
ALT_BISE_B_YZ_62_R2;WFM-101-F
ALT_BISE_B_YZ_63_C;WFM-102-C
ALT_BISE_B_YZ_63_R1;WFM-102-R
ALT_BISE_B_YZ_63_R2;WFM-102-F
ALT_BISE_P_BR_64_C;WEM-107-C
ALT_BISE_P_BR_64_R1;WEM-107-R
ALT_BISE_P_BR_64_R2;WFM-107-F
ALT_CORE_A_AX_22_C;BTG-021-C
ALT_CORE_A_AX_22_R1;BTG-021-R
ALT_CORE_A_AX_22_R2;BTG-021-F
ALT_CORE_A_AX_31_C;BTG-181-T
ALT_CORE_A_BR_26_C;BTG-058-C
ALT_CORE_A_BR_26_R1;BTG-058-R
ALT_CORE_A_BR_26_R2;BTG-058-F
ALT_CORE_A_BR_31_C;BTG-182-T
ALT_CORE_A_LY_22_C;BTG-082-C
ALT_CORE_A_LY_22_R1;BTG-082-R
ALT_CORE_A_LY_22_R2;BTG-082-F
ALT_CORE_A_MU_25_C;BTG-117-C
ALT_CORE_A_MU_25_R1;BTG-117-R
ALT_CORE_A_MU_25_R2;BTG-117-F
ALT_CORE_A_OR_24_C;BTG-144-C
ALT_CORE_A_OR_24_R1;BTG-144-R
ALT_CORE_A_OR_24_R2;BTG-144-F
ALT_CORE_A_OR_31_C;BTG-183-T
ALT_CORE_A_YZ_19_C;BTG-169-C
ALT_CORE_A_YZ_19_R1;BTG-169-R
ALT_CORE_A_YZ_19_R2;BTG-169-F
ALT_CORE_A_YZ_31_C;BTG-185-T
ALT_CORE_B_AX_01_C;BTG-001-H
ALT_CORE_B_AX_02_C;BTG-003-H
ALT_CORE_B_AX_03_C;BTG-002-H
ALT_CORE_B_AX_04_C;BTG-010-C
ALT_CORE_B_AX_04_R1;BTG-010-R
ALT_CORE_B_AX_04_R2;BTG-010-F
ALT_CORE_B_AX_05_C;BTG-008-C
ALT_CORE_B_AX_05_R1;BTG-008-R
ALT_CORE_B_AX_05_R2;BTG-008-F
ALT_CORE_B_AX_06_C;BTG-011-C
ALT_CORE_B_AX_06_R1;BTG-011-R
ALT_CORE_B_AX_06_R2;BTG-011-F
ALT_CORE_B_AX_07_C;BTG-004-C
ALT_CORE_B_AX_07_R1;BTG-004-R
ALT_CORE_B_AX_07_R2;BTG-004-F
ALT_CORE_B_AX_08_C;BTG-005-C
ALT_CORE_B_AX_08_R1;BTG-005-R
ALT_CORE_B_AX_08_R2;BTG-005-F
ALT_CORE_B_AX_09_C;BTG-015-C
ALT_CORE_B_AX_09_R1;BTG-015-R
ALT_CORE_B_AX_09_R2;BTG-015-F
ALT_CORE_B_AX_10_C;BTG-009-C
ALT_CORE_B_AX_10_R1;BTG-009-R
ALT_CORE_B_AX_10_R2;BTG-009-F
ALT_CORE_B_AX_11_C;BTG-012-C
ALT_CORE_B_AX_11_R1;BTG-012-R
ALT_CORE_B_AX_11_R2;BTG-012-F
ALT_CORE_B_AX_12_C;BTG-014-C
ALT_CORE_B_AX_12_R1;BTG-014-R
ALT_CORE_B_AX_12_R2;BTG-014-F
ALT_CORE_B_AX_13_C;BTG-006-C
ALT_CORE_B_AX_13_R1;BTG-006-R
ALT_CORE_B_AX_13_R2;BTG-006-F
ALT_CORE_B_AX_14_C;BTG-007-C
ALT_CORE_B_AX_14_R1;BTG-007-R
ALT_CORE_B_AX_14_R2;BTG-007-F
ALT_CORE_B_AX_15_C;BTG-016-C
ALT_CORE_B_AX_15_R1;BTG-016-R
ALT_CORE_B_AX_15_R2;BTG-016-F
ALT_CORE_B_AX_16_C;BTG-013-C
ALT_CORE_B_AX_16_R1;BTG-013-R
ALT_CORE_B_AX_16_R2;BTG-013-F
ALT_CORE_B_AX_17_C;BTG-017-C
ALT_CORE_B_AX_17_R1;BTG-017-R
ALT_CORE_B_AX_17_R2;BTG-017-F
ALT_CORE_B_AX_18_C;BTG-018-C
ALT_CORE_B_AX_18_R1;BTG-018-R
ALT_CORE_B_AX_18_R2;BTG-018-F
ALT_CORE_B_AX_19_C;BTG-019-C
ALT_CORE_B_AX_19_R1;BTG-019-R
ALT_CORE_B_AX_19_R2;BTG-019-F
ALT_CORE_B_AX_20_C;BTG-020-C
ALT_CORE_B_AX_20_R1;BTG-020-R
ALT_CORE_B_AX_20_R2;BTG-020-F
ALT_CORE_B_AX_21_C;BTG-022-C
ALT_CORE_B_AX_21_R1;BTG-022-R
ALT_CORE_B_AX_21_R2;BTG-022-F
ALT_CORE_B_AX_22_C;BTG-021-C
ALT_CORE_B_AX_22_R1;BTG-021-R
ALT_CORE_B_AX_22_R2;BTG-021-F
ALT_CORE_B_AX_23_C;BTG-023-C
ALT_CORE_B_AX_23_R1;BTG-023-R
ALT_CORE_B_AX_23_R2;BTG-023-F
ALT_CORE_B_AX_24_C;BTG-026-C
ALT_CORE_B_AX_24_R1;BTG-026-R
ALT_CORE_B_AX_24_R2;BTG-026-F
ALT_CORE_B_AX_25_C;BTG-029-C
ALT_CORE_B_AX_25_R1;BTG-029-R
ALT_CORE_B_AX_25_R2;BTG-029-F
ALT_CORE_B_AX_26_C;BTG-024-C
ALT_CORE_B_AX_26_R1;BTG-024-R
ALT_CORE_B_AX_26_R2;BTG-024-F
ALT_CORE_B_AX_27_C;BTG-027-C
ALT_CORE_B_AX_27_R1;BTG-027-R
ALT_CORE_B_AX_27_R2;BTG-027-F
ALT_CORE_B_AX_28_C;BTG-025-C
ALT_CORE_B_AX_28_R1;BTG-025-R
ALT_CORE_B_AX_28_R2;BTG-025-F
ALT_CORE_B_AX_29_C;BTG-028-C
ALT_CORE_B_AX_29_R1;BTG-028-R
ALT_CORE_B_AX_29_R2;BTG-028-F
ALT_CORE_B_AX_30_C;BTG-030-C
ALT_CORE_B_AX_30_R1;BTG-030-R
ALT_CORE_B_AX_30_R2;BTG-030-F
ALT_CORE_B_AX_31_C;BTG-181-T
ALT_CORE_B_BR_01_C;BTG-031-H
ALT_CORE_B_BR_02_C;BTG-032-H
ALT_CORE_B_BR_03_C;BTG-033-H
ALT_CORE_B_BR_04_C;BTG-036-C
ALT_CORE_B_BR_04_R1;BTG-036-R
ALT_CORE_B_BR_04_R2;BTG-036-F
ALT_CORE_B_BR_05_C;BTG-034-C
ALT_CORE_B_BR_05_R1;BTG-034-R
ALT_CORE_B_BR_05_R2;BTG-034-F
ALT_CORE_B_BR_06_C;BTG-041-C
ALT_CORE_B_BR_06_R1;BTG-041-R
ALT_CORE_B_BR_06_R2;BTG-041-F
ALT_CORE_B_BR_07_C;BTG-038-C
ALT_CORE_B_BR_07_R1;BTG-038-R
ALT_CORE_B_BR_07_R2;BTG-038-F
ALT_CORE_B_BR_08_C;BTG-037-C
ALT_CORE_B_BR_08_R1;BTG-037-R
ALT_CORE_B_BR_08_R2;BTG-037-F
ALT_CORE_B_BR_09_C;BTG-042-C
ALT_CORE_B_BR_09_R1;BTG-042-R
ALT_CORE_B_BR_09_R2;BTG-042-F
ALT_CORE_B_BR_10_C;BTG-040-C
ALT_CORE_B_BR_10_R1;BTG-040-R
ALT_CORE_B_BR_10_R2;BTG-040-F
ALT_CORE_B_BR_11_C;BTG-039-C
ALT_CORE_B_BR_11_R1;BTG-039-R
ALT_CORE_B_BR_11_R2;BTG-039-F
ALT_CORE_B_BR_12_C;BTG-046-C
ALT_CORE_B_BR_12_R1;BTG-046-R
ALT_CORE_B_BR_12_R2;BTG-046-F
ALT_CORE_B_BR_13_C;BTG-050-C
ALT_CORE_B_BR_13_R1;BTG-050-R
ALT_CORE_B_BR_13_R2;BTG-050-F
ALT_CORE_B_BR_14_C;BTG-043-C
ALT_CORE_B_BR_14_R1;BTG-043-R
ALT_CORE_B_BR_14_R2;BTG-043-F
ALT_CORE_B_BR_15_C;BTG-044-C
ALT_CORE_B_BR_15_R1;BTG-044-R
ALT_CORE_B_BR_15_R2;BTG-044-F
ALT_CORE_B_BR_16_C;BTG-035-C
ALT_CORE_B_BR_16_R1;BTG-035-R
ALT_CORE_B_BR_16_R2;BTG-035-F
ALT_CORE_B_BR_17_C;BTG-045-C
ALT_CORE_B_BR_17_R1;BTG-045-R
ALT_CORE_B_BR_17_R2;BTG-045-F
ALT_CORE_B_BR_18_C;BTG-048-C
ALT_CORE_B_BR_18_R1;BTG-048-R
ALT_CORE_B_BR_18_R2;BTG-048-F
ALT_CORE_B_BR_19_C;BTG-049-C
ALT_CORE_B_BR_19_R1;BTG-049-R
ALT_CORE_B_BR_19_R2;BTG-049-F
ALT_CORE_B_BR_20_C;BTG-052-C
ALT_CORE_B_BR_20_R1;BTG-052-R
ALT_CORE_B_BR_20_R2;BTG-052-F
ALT_CORE_B_BR_21_C;BTG-051-C
ALT_CORE_B_BR_21_R1;BTG-051-R
ALT_CORE_B_BR_21_R2;BTG-051-F
ALT_CORE_B_BR_22_C;BTG-053-C
ALT_CORE_B_BR_22_R1;BTG-053-R
ALT_CORE_B_BR_22_R2;BTG-053-F
ALT_CORE_B_BR_23_C;BTG-047-C
ALT_CORE_B_BR_23_R1;BTG-047-R
ALT_CORE_B_BR_23_R2;BTG-047-F
ALT_CORE_B_BR_24_C;BTG-054-C
ALT_CORE_B_BR_24_R1;BTG-054-R
ALT_CORE_B_BR_24_R2;BTG-054-F
ALT_CORE_B_BR_25_C;BTG-055-C
ALT_CORE_B_BR_25_R1;BTG-055-R
ALT_CORE_B_BR_25_R2;BTG-055-F
ALT_CORE_B_BR_26_C;BTG-058-C
ALT_CORE_B_BR_26_R1;BTG-058-R
ALT_CORE_B_BR_26_R2;BTG-058-F
ALT_CORE_B_BR_27_C;BTG-057-C
ALT_CORE_B_BR_27_R1;BTG-057-R
ALT_CORE_B_BR_27_R2;BTG-057-F
ALT_CORE_B_BR_28_C;BTG-056-C
ALT_CORE_B_BR_28_R1;BTG-056-R
ALT_CORE_B_BR_28_R2;BTG-056-F
ALT_CORE_B_BR_29_C;BTG-059-C
ALT_CORE_B_BR_29_R1;BTG-059-R
ALT_CORE_B_BR_29_R2;BTG-059-F
ALT_CORE_B_BR_30_C;BTG-060-C
ALT_CORE_B_BR_30_R1;BTG-060-R
ALT_CORE_B_BR_30_R2;BTG-060-F
ALT_CORE_B_BR_31_C;BTG-182-T
ALT_CORE_B_LY_01_C;BTG-061-H
ALT_CORE_B_LY_02_C;BTG-062-H
ALT_CORE_B_LY_03_C;BTG-063-H
ALT_CORE_B_LY_04_C;BTG-064-C
ALT_CORE_B_LY_04_R1;BTG-064-R
ALT_CORE_B_LY_04_R2;BTG-064-F
ALT_CORE_B_LY_05_C;BTG-068-C
ALT_CORE_B_LY_05_R1;BTG-068-R
ALT_CORE_B_LY_05_R2;BTG-068-F
ALT_CORE_B_LY_06_C;BTG-065-C
ALT_CORE_B_LY_06_R1;BTG-065-R
ALT_CORE_B_LY_06_R2;BTG-065-F
ALT_CORE_B_LY_07_C;BTG-069-C
ALT_CORE_B_LY_07_R1;BTG-069-R
ALT_CORE_B_LY_07_R2;BTG-069-F
ALT_CORE_B_LY_08_C;BTG-067-C
ALT_CORE_B_LY_08_R1;BTG-067-R
ALT_CORE_B_LY_08_R2;BTG-067-F
ALT_CORE_B_LY_09_C;BTG-075-C
ALT_CORE_B_LY_09_R1;BTG-075-R
ALT_CORE_B_LY_09_R2;BTG-075-F
ALT_CORE_B_LY_10_C;BTG-074-C
ALT_CORE_B_LY_10_R1;BTG-074-R
ALT_CORE_B_LY_10_R2;BTG-074-F
ALT_CORE_B_LY_11_C;BTG-066-C
ALT_CORE_B_LY_11_R1;BTG-066-R
ALT_CORE_B_LY_11_R2;BTG-066-F
ALT_CORE_B_LY_12_C;BTG-070-C
ALT_CORE_B_LY_12_R1;BTG-070-R
ALT_CORE_B_LY_12_R2;BTG-070-F
ALT_CORE_B_LY_13_C;BTG-071-C
ALT_CORE_B_LY_13_R1;BTG-071-R
ALT_CORE_B_LY_13_R2;BTG-071-F
ALT_CORE_B_LY_14_C;BTG-072-C
ALT_CORE_B_LY_14_R1;BTG-072-R
ALT_CORE_B_LY_14_R2;BTG-072-F
ALT_CORE_B_LY_15_C;BTG-076-C
ALT_CORE_B_LY_15_R1;BTG-076-R
ALT_CORE_B_LY_15_R2;BTG-076-F
ALT_CORE_B_LY_16_C;BTG-073-C
ALT_CORE_B_LY_16_R1;BTG-073-R
ALT_CORE_B_LY_16_R2;BTG-073-F
ALT_CORE_B_LY_17_C;BTG-077-C
ALT_CORE_B_LY_17_R1;BTG-077-R
ALT_CORE_B_LY_17_R2;BTG-077-F
ALT_CORE_B_LY_18_C;BTG-078-C
ALT_CORE_B_LY_18_R1;BTG-078-R
ALT_CORE_B_LY_18_R2;BTG-078-F
ALT_CORE_B_LY_19_C;BTG-079-C
ALT_CORE_B_LY_19_R1;BTG-079-R
ALT_CORE_B_LY_19_R2;BTG-079-F
ALT_CORE_B_LY_20_C;BTG-080-C
ALT_CORE_B_LY_20_R1;BTG-080-R
ALT_CORE_B_LY_20_R2;BTG-080-F
ALT_CORE_B_LY_21_C;BTG-081-C
ALT_CORE_B_LY_21_R1;BTG-081-R
ALT_CORE_B_LY_21_R2;BTG-081-F
ALT_CORE_B_LY_22_C;BTG-082-C
ALT_CORE_B_LY_22_R1;BTG-082-R
ALT_CORE_B_LY_22_R2;BTG-082-F
ALT_CORE_B_LY_23_C;BTG-084-C
ALT_CORE_B_LY_23_R1;BTG-084-R
ALT_CORE_B_LY_23_R2;BTG-084-F
ALT_CORE_B_LY_24_C;BTG-086-C
ALT_CORE_B_LY_24_R1;BTG-086-R
ALT_CORE_B_LY_24_R2;BTG-086-F
ALT_CORE_B_LY_25_C;BTG-085-C
ALT_CORE_B_LY_25_R1;BTG-085-R
ALT_CORE_B_LY_25_R2;BTG-085-F
ALT_CORE_B_LY_26_C;BTG-087-C
ALT_CORE_B_LY_26_R1;BTG-087-R
ALT_CORE_B_LY_26_R2;BTG-087-F
ALT_CORE_B_LY_27_C;BTG-088-C
ALT_CORE_B_LY_27_R1;BTG-088-R
ALT_CORE_B_LY_27_R2;BTG-088-F
ALT_CORE_B_LY_28_C;BTG-083-C
ALT_CORE_B_LY_28_R1;BTG-083-R
ALT_CORE_B_LY_28_R2;BTG-083-F
ALT_CORE_B_LY_29_C;BTG-089-C
ALT_CORE_B_LY_29_R1;BTG-089-R
ALT_CORE_B_LY_29_R2;BTG-089-F
ALT_CORE_B_LY_30_C;BTG-090-C
ALT_CORE_B_LY_30_R1;BTG-090-R
ALT_CORE_B_LY_30_R2;BTG-090-F
ALT_CORE_B_MU_01_C;BTG-091-H
ALT_CORE_B_MU_02_C;BTG-092-H
ALT_CORE_B_MU_03_C;BTG-093-H
ALT_CORE_B_MU_04_C;BTG-094-C
ALT_CORE_B_MU_04_R1;BTG-094-R
ALT_CORE_B_MU_04_R2;BTG-094-F
ALT_CORE_B_MU_05_C;BTG-097-C
ALT_CORE_B_MU_05_R1;BTG-097-R
ALT_CORE_B_MU_05_R2;BTG-097-F
ALT_CORE_B_MU_06_C;BTG-095-C
ALT_CORE_B_MU_06_R1;BTG-095-R
ALT_CORE_B_MU_06_R2;BTG-095-F
ALT_CORE_B_MU_07_C;BTG-096-C
ALT_CORE_B_MU_07_R1;BTG-096-R
ALT_CORE_B_MU_07_R2;BTG-096-F
ALT_CORE_B_MU_08_C;BTG-099-C
ALT_CORE_B_MU_08_R1;BTG-099-R
ALT_CORE_B_MU_08_R2;BTG-099-F
ALT_CORE_B_MU_09_C;BTG-098-C
ALT_CORE_B_MU_09_R1;BTG-098-R
ALT_CORE_B_MU_09_R2;BTG-098-F
ALT_CORE_B_MU_10_C;BTG-106-C
ALT_CORE_B_MU_10_R1;BTG-106-R
ALT_CORE_B_MU_10_R2;BTG-106-F
ALT_CORE_B_MU_11_C;BTG-101-C
ALT_CORE_B_MU_11_R1;BTG-101-R
ALT_CORE_B_MU_11_R2;BTG-101-F
ALT_CORE_B_MU_12_C;BTG-104-C
ALT_CORE_B_MU_12_R1;BTG-104-R
ALT_CORE_B_MU_12_R2;BTG-104-F
ALT_CORE_B_MU_13_C;BTG-102-C
ALT_CORE_B_MU_13_R1;BTG-102-R
ALT_CORE_B_MU_13_R2;BTG-102-F
ALT_CORE_B_MU_14_C;BTG-108-C
ALT_CORE_B_MU_14_R1;BTG-108-R
ALT_CORE_B_MU_14_R2;BTG-108-F
ALT_CORE_B_MU_15_C;BTG-105-C
ALT_CORE_B_MU_15_R1;BTG-105-R
ALT_CORE_B_MU_15_R2;BTG-105-F
ALT_CORE_B_MU_16_C;BTG-103-C
ALT_CORE_B_MU_16_R1;BTG-103-R
ALT_CORE_B_MU_16_R2;BTG-103-F
ALT_CORE_B_MU_17_C;BTG-109-C
ALT_CORE_B_MU_17_R1;BTG-109-R
ALT_CORE_B_MU_17_R2;BTG-109-F
ALT_CORE_B_MU_18_C;BTG-107-C
ALT_CORE_B_MU_18_R1;BTG-107-R
ALT_CORE_B_MU_18_R2;BTG-107-F
ALT_CORE_B_MU_19_C;BTG-110-C
ALT_CORE_B_MU_19_R1;BTG-110-R
ALT_CORE_B_MU_19_R2;BTG-110-F
ALT_CORE_B_MU_20_C;BTG-111-C
ALT_CORE_B_MU_20_R1;BTG-111-R
ALT_CORE_B_MU_20_R2;BTG-111-F
ALT_CORE_B_MU_21_C;BTG-112-C
ALT_CORE_B_MU_21_R1;BTG-112-R
ALT_CORE_B_MU_21_R2;BTG-112-F
ALT_CORE_B_MU_22_C;BTG-113-C
ALT_CORE_B_MU_22_R1;BTG-113-R
ALT_CORE_B_MU_22_R2;BTG-113-F
ALT_CORE_B_MU_23_C;BTG-100-C
ALT_CORE_B_MU_23_R1;BTG-100-R
ALT_CORE_B_MU_23_R2;BTG-100-F
ALT_CORE_B_MU_24_C;BTG-119-C
ALT_CORE_B_MU_24_R1;BTG-119-R
ALT_CORE_B_MU_24_R2;BTG-119-F
ALT_CORE_B_MU_25_C;BTG-117-C
ALT_CORE_B_MU_25_R1;BTG-117-R
ALT_CORE_B_MU_25_R2;BTG-117-F
ALT_CORE_B_MU_26_C;BTG-118-C
ALT_CORE_B_MU_26_R1;BTG-118-R
ALT_CORE_B_MU_26_R2;BTG-118-F
ALT_CORE_B_MU_27_C;BTG-116-C
ALT_CORE_B_MU_27_R1;BTG-116-R
ALT_CORE_B_MU_27_R2;BTG-116-F
ALT_CORE_B_MU_28_C;BTG-115-C
ALT_CORE_B_MU_28_R1;BTG-115-R
ALT_CORE_B_MU_28_R2;BTG-115-F
ALT_CORE_B_MU_29_C;BTG-114-C
ALT_CORE_B_MU_29_R1;BTG-114-R
ALT_CORE_B_MU_29_R2;BTG-114-F
ALT_CORE_B_MU_30_C;BTG-120-C
ALT_CORE_B_MU_30_R1;BTG-120-R
ALT_CORE_B_MU_30_R2;BTG-120-F
ALT_CORE_B_NE_01_C;BTG-186-T
ALT_CORE_B_NE_1_C;BTG-186-T
ALT_CORE_B_OR_01_C;BTG-121-H
ALT_CORE_B_OR_02_C;BTG-123-H
ALT_CORE_B_OR_03_C;BTG-122-H
ALT_CORE_B_OR_04_C;BTG-125-C
ALT_CORE_B_OR_04_R1;BTG-125-R
ALT_CORE_B_OR_04_R2;BTG-125-F
ALT_CORE_B_OR_05_C;BTG-124-C
ALT_CORE_B_OR_05_R1;BTG-124-R
ALT_CORE_B_OR_05_R2;BTG-124-F
ALT_CORE_B_OR_06_C;BTG-129-C
ALT_CORE_B_OR_06_R1;BTG-129-R
ALT_CORE_B_OR_06_R2;BTG-129-F
ALT_CORE_B_OR_07_C;BTG-128-C
ALT_CORE_B_OR_07_R1;BTG-128-R
ALT_CORE_B_OR_07_R2;BTG-128-F
ALT_CORE_B_OR_08_C;BTG-127-C
ALT_CORE_B_OR_08_R1;BTG-127-R
ALT_CORE_B_OR_08_R2;BTG-127-F
ALT_CORE_B_OR_09_C;BTG-131-C
ALT_CORE_B_OR_09_R1;BTG-131-R
ALT_CORE_B_OR_09_R2;BTG-131-F
ALT_CORE_B_OR_10_C;BTG-126-C
ALT_CORE_B_OR_10_R1;BTG-126-R
ALT_CORE_B_OR_10_R2;BTG-126-F
ALT_CORE_B_OR_11_C;BTG-130-C
ALT_CORE_B_OR_11_R1;BTG-130-R
ALT_CORE_B_OR_11_R2;BTG-130-F
ALT_CORE_B_OR_12_C;BTG-140-C
ALT_CORE_B_OR_12_R1;BTG-140-R
ALT_CORE_B_OR_12_R2;BTG-140-F
ALT_CORE_B_OR_13_C;BTG-135-C
ALT_CORE_B_OR_13_R1;BTG-135-R
ALT_CORE_B_OR_13_R2;BTG-135-F
ALT_CORE_B_OR_14_C;BTG-132-C
ALT_CORE_B_OR_14_R1;BTG-132-R
ALT_CORE_B_OR_14_R2;BTG-132-F
ALT_CORE_B_OR_15_C;BTG-133-C
ALT_CORE_B_OR_15_R1;BTG-133-R
ALT_CORE_B_OR_15_R2;BTG-133-F
ALT_CORE_B_OR_16_C;BTG-134-C
ALT_CORE_B_OR_16_R1;BTG-134-R
ALT_CORE_B_OR_16_R2;BTG-134-F
ALT_CORE_B_OR_17_C;BTG-137-C
ALT_CORE_B_OR_17_R1;BTG-137-R
ALT_CORE_B_OR_17_R2;BTG-137-F
ALT_CORE_B_OR_18_C;BTG-138-C
ALT_CORE_B_OR_18_R1;BTG-138-R
ALT_CORE_B_OR_18_R2;BTG-138-F
ALT_CORE_B_OR_19_C;BTG-142-C
ALT_CORE_B_OR_19_R1;BTG-142-R
ALT_CORE_B_OR_19_R2;BTG-142-F
ALT_CORE_B_OR_20_C;BTG-141-C
ALT_CORE_B_OR_20_R1;BTG-141-R
ALT_CORE_B_OR_20_R2;BTG-141-F
ALT_CORE_B_OR_21_C;BTG-139-C
ALT_CORE_B_OR_21_R1;BTG-139-R
ALT_CORE_B_OR_21_R2;BTG-139-F
ALT_CORE_B_OR_22_C;BTG-136-C
ALT_CORE_B_OR_22_R1;BTG-136-R
ALT_CORE_B_OR_22_R2;BTG-136-F
ALT_CORE_B_OR_23_C;BTG-143-C
ALT_CORE_B_OR_23_R1;BTG-143-R
ALT_CORE_B_OR_23_R2;BTG-143-F
ALT_CORE_B_OR_24_C;BTG-144-C
ALT_CORE_B_OR_24_R1;BTG-144-R
ALT_CORE_B_OR_24_R2;BTG-144-F
ALT_CORE_B_OR_25_C;BTG-145-C
ALT_CORE_B_OR_25_R1;BTG-145-R
ALT_CORE_B_OR_25_R2;BTG-145-F
ALT_CORE_B_OR_26_C;BTG-147-C
ALT_CORE_B_OR_26_R1;BTG-147-R
ALT_CORE_B_OR_26_R2;BTG-147-F
ALT_CORE_B_OR_27_C;BTG-146-C
ALT_CORE_B_OR_27_R1;BTG-146-R
ALT_CORE_B_OR_27_R2;BTG-146-F
ALT_CORE_B_OR_28_C;BTG-149-C
ALT_CORE_B_OR_28_R1;BTG-149-R
ALT_CORE_B_OR_28_R2;BTG-149-F
ALT_CORE_B_OR_29_C;BTG-150-C
ALT_CORE_B_OR_29_R1;BTG-150-R
ALT_CORE_B_OR_29_R2;BTG-150-F
ALT_CORE_B_OR_30_C;BTG-148-C
ALT_CORE_B_OR_30_R1;BTG-148-R
ALT_CORE_B_OR_30_R2;BTG-148-F
ALT_CORE_B_OR_31_C;BTG-183-T
ALT_CORE_B_OR_32_C;BTG-184-T
ALT_CORE_B_YZ_01_C;BTG-151-H
ALT_CORE_B_YZ_02_C;BTG-153-H
ALT_CORE_B_YZ_03_C;BTG-152-H
ALT_CORE_B_YZ_04_C;BTG-155-C
ALT_CORE_B_YZ_04_R1;BTG-155-R
ALT_CORE_B_YZ_04_R2;BTG-155-F
ALT_CORE_B_YZ_05_C;BTG-154-C
ALT_CORE_B_YZ_05_R1;BTG-154-R
ALT_CORE_B_YZ_05_R2;BTG-154-F
ALT_CORE_B_YZ_06_C;BTG-159-C
ALT_CORE_B_YZ_06_R1;BTG-159-R
ALT_CORE_B_YZ_06_R2;BTG-159-F
ALT_CORE_B_YZ_07_C;BTG-156-C
ALT_CORE_B_YZ_07_R1;BTG-156-R
ALT_CORE_B_YZ_07_R2;BTG-156-F
ALT_CORE_B_YZ_08_C;BTG-157-C
ALT_CORE_B_YZ_08_R1;BTG-157-R
ALT_CORE_B_YZ_08_R2;BTG-157-F
ALT_CORE_B_YZ_09_C;BTG-158-C
ALT_CORE_B_YZ_09_R1;BTG-158-R
ALT_CORE_B_YZ_09_R2;BTG-158-F
ALT_CORE_B_YZ_10_C;BTG-163-C
ALT_CORE_B_YZ_10_R1;BTG-163-R
ALT_CORE_B_YZ_10_R2;BTG-163-F
ALT_CORE_B_YZ_11_C;BTG-161-C
ALT_CORE_B_YZ_11_R1;BTG-161-R
ALT_CORE_B_YZ_11_R2;BTG-161-F
ALT_CORE_B_YZ_12_C;BTG-160-C
ALT_CORE_B_YZ_12_R1;BTG-160-R
ALT_CORE_B_YZ_12_R2;BTG-160-F
ALT_CORE_B_YZ_13_C;BTG-162-C
ALT_CORE_B_YZ_13_R1;BTG-162-R
ALT_CORE_B_YZ_13_R2;BTG-162-F
ALT_CORE_B_YZ_14_C;BTG-164-C
ALT_CORE_B_YZ_14_R1;BTG-164-R
ALT_CORE_B_YZ_14_R2;BTG-164-F
ALT_CORE_B_YZ_15_C;BTG-165-C
ALT_CORE_B_YZ_15_R1;BTG-165-R
ALT_CORE_B_YZ_15_R2;BTG-165-F
ALT_CORE_B_YZ_16_C;BTG-166-C
ALT_CORE_B_YZ_16_R1;BTG-166-R
ALT_CORE_B_YZ_16_R2;BTG-166-F
ALT_CORE_B_YZ_17_C;BTG-168-C
ALT_CORE_B_YZ_17_R1;BTG-168-R
ALT_CORE_B_YZ_17_R2;BTG-168-F
ALT_CORE_B_YZ_18_C;BTG-167-C
ALT_CORE_B_YZ_18_R1;BTG-167-R
ALT_CORE_B_YZ_18_R2;BTG-167-F
ALT_CORE_B_YZ_19_C;BTG-169-C
ALT_CORE_B_YZ_19_R1;BTG-169-R
ALT_CORE_B_YZ_19_R2;BTG-169-F
ALT_CORE_B_YZ_20_C;BTG-170-C
ALT_CORE_B_YZ_20_R1;BTG-170-R
ALT_CORE_B_YZ_20_R2;BTG-170-F
ALT_CORE_B_YZ_21_C;BTG-172-C
ALT_CORE_B_YZ_21_R1;BTG-172-R
ALT_CORE_B_YZ_21_R2;BTG-172-F
ALT_CORE_B_YZ_22_C;BTG-171-C
ALT_CORE_B_YZ_22_R1;BTG-171-R
ALT_CORE_B_YZ_22_R2;BTG-171-F
ALT_CORE_B_YZ_23_C;BTG-173-C
ALT_CORE_B_YZ_23_R1;BTG-173-R
ALT_CORE_B_YZ_23_R2;BTG-173-F
ALT_CORE_B_YZ_24_C;BTG-174-C
ALT_CORE_B_YZ_24_R1;BTG-174-R
ALT_CORE_B_YZ_24_R2;BTG-174-F
ALT_CORE_B_YZ_25_C;BTG-176-C
ALT_CORE_B_YZ_25_R1;BTG-176-R
ALT_CORE_B_YZ_25_R2;BTG-176-F
ALT_CORE_B_YZ_26_C;BTG-175-C
ALT_CORE_B_YZ_26_R1;BTG-175-R
ALT_CORE_B_YZ_26_R2;BTG-175-F
ALT_CORE_B_YZ_27_C;BTG-177-C
ALT_CORE_B_YZ_27_R1;BTG-177-R
ALT_CORE_B_YZ_27_R2;BTG-177-F
ALT_CORE_B_YZ_28_C;BTG-178-C
ALT_CORE_B_YZ_28_R1;BTG-178-R
ALT_CORE_B_YZ_28_R2;BTG-178-F
ALT_CORE_B_YZ_29_C;BTG-179-C
ALT_CORE_B_YZ_29_R1;BTG-179-R
ALT_CORE_B_YZ_29_R2;BTG-179-F
ALT_CORE_B_YZ_30_C;BTG-180-C
ALT_CORE_B_YZ_30_R1;BTG-180-R
ALT_CORE_B_YZ_30_R2;BTG-180-F
ALT_CORE_B_YZ_31_C;BTG-185-T
ALT_CORE_P_AX_01_C;BTG-001-H
ALT_CORE_P_AX_02_C;BTG-003-H
ALT_CORE_P_AX_03_C;BTG-002-H
ALT_CORE_P_BR_01_C;BTG-031-H
ALT_CORE_P_BR_02_C;BTG-032-H
ALT_CORE_P_BR_03_C;BTG-033-H
ALT_CORE_P_LY_01_C;BTG-061-H
ALT_CORE_P_LY_02_C;BTG-062-H
ALT_CORE_P_LY_03_C;BTG-063-H
ALT_CORE_P_MU_01_C;BTG-091-H
ALT_CORE_P_MU_02_C;BTG-092-H
ALT_CORE_P_MU_03_C;BTG-093-H
ALT_CORE_P_OR_01_C;BTG-121-H
ALT_CORE_P_OR_02_C;BTG-123-H
ALT_CORE_P_OR_03_C;BTG-122-H
ALT_CORE_P_YZ_01_C;BTG-151-H
ALT_CORE_P_YZ_02_C;BTG-153-H
ALT_CORE_P_YZ_03_C;BTG-152-H
ALT_COREKS_A_AX_22_C;BTG-021-C
ALT_COREKS_A_AX_22_R1;BTG-021-R
ALT_COREKS_A_AX_22_R2;BTG-021-F
ALT_COREKS_A_AX_31_C;BTG-181-T
ALT_COREKS_A_BR_26_C;BTG-058-C
ALT_COREKS_A_BR_26_R1;BTG-058-R
ALT_COREKS_A_BR_26_R2;BTG-058-F
ALT_COREKS_A_BR_31_C;BTG-182-T
ALT_COREKS_A_LY_22_C;BTG-082-C
ALT_COREKS_A_LY_22_R1;BTG-082-R
ALT_COREKS_A_LY_22_R2;BTG-082-F
ALT_COREKS_A_MU_25_C;BTG-117-C
ALT_COREKS_A_MU_25_R1;BTG-117-R
ALT_COREKS_A_MU_25_R2;BTG-117-F
ALT_COREKS_A_OR_24_C;BTG-144-C
ALT_COREKS_A_OR_24_R1;BTG-144-R
ALT_COREKS_A_OR_24_R2;BTG-144-F
ALT_COREKS_A_OR_31_C;BTG-183-T
ALT_COREKS_A_YZ_19_C;BTG-169-C
ALT_COREKS_A_YZ_19_R1;BTG-169-R
ALT_COREKS_A_YZ_19_R2;BTG-169-F
ALT_COREKS_A_YZ_31_C;BTG-185-T
ALT_COREKS_B_AX_01_C;BTG-001-H
ALT_COREKS_B_AX_02_C;BTG-003-H
ALT_COREKS_B_AX_03_C;BTG-002-H
ALT_COREKS_B_AX_04_C;BTG-010-C
ALT_COREKS_B_AX_04_R1;BTG-010-R
ALT_COREKS_B_AX_04_R2;BTG-010-F
ALT_COREKS_B_AX_05_C;BTG-008-C
ALT_COREKS_B_AX_05_R1;BTG-008-R
ALT_COREKS_B_AX_05_R2;BTG-008-F
ALT_COREKS_B_AX_06_C;BTG-011-C
ALT_COREKS_B_AX_06_R1;BTG-011-R
ALT_COREKS_B_AX_06_R2;BTG-011-F
ALT_COREKS_B_AX_07_C;BTG-004-C
ALT_COREKS_B_AX_07_R1;BTG-004-R
ALT_COREKS_B_AX_07_R2;BTG-004-F
ALT_COREKS_B_AX_08_C;BTG-005-C
ALT_COREKS_B_AX_08_R1;BTG-005-R
ALT_COREKS_B_AX_08_R2;BTG-005-F
ALT_COREKS_B_AX_09_C;BTG-015-C
ALT_COREKS_B_AX_09_R1;BTG-015-R
ALT_COREKS_B_AX_09_R2;BTG-015-F
ALT_COREKS_B_AX_10_C;BTG-009-C
ALT_COREKS_B_AX_10_R1;BTG-009-R
ALT_COREKS_B_AX_10_R2;BTG-009-F
ALT_COREKS_B_AX_11_C;BTG-012-C
ALT_COREKS_B_AX_11_R1;BTG-012-R
ALT_COREKS_B_AX_11_R2;BTG-012-F
ALT_COREKS_B_AX_12_C;BTG-014-C
ALT_COREKS_B_AX_12_R1;BTG-014-R
ALT_COREKS_B_AX_12_R2;BTG-014-F
ALT_COREKS_B_AX_13_C;BTG-006-C
ALT_COREKS_B_AX_13_R1;BTG-006-R
ALT_COREKS_B_AX_13_R2;BTG-006-F
ALT_COREKS_B_AX_14_C;BTG-007-C
ALT_COREKS_B_AX_14_R1;BTG-007-R
ALT_COREKS_B_AX_14_R2;BTG-007-F
ALT_COREKS_B_AX_15_C;BTG-016-C
ALT_COREKS_B_AX_15_R1;BTG-016-R
ALT_COREKS_B_AX_15_R2;BTG-016-F
ALT_COREKS_B_AX_16_C;BTG-013-C
ALT_COREKS_B_AX_16_R1;BTG-013-R
ALT_COREKS_B_AX_16_R2;BTG-013-F
ALT_COREKS_B_AX_17_C;BTG-017-C
ALT_COREKS_B_AX_17_R1;BTG-017-R
ALT_COREKS_B_AX_17_R2;BTG-017-F
ALT_COREKS_B_AX_18_C;BTG-018-C
ALT_COREKS_B_AX_18_R1;BTG-018-R
ALT_COREKS_B_AX_18_R2;BTG-018-F
ALT_COREKS_B_AX_19_C;BTG-019-C
ALT_COREKS_B_AX_19_R1;BTG-019-R
ALT_COREKS_B_AX_19_R2;BTG-019-F
ALT_COREKS_B_AX_20_C;BTG-020-C
ALT_COREKS_B_AX_20_R1;BTG-020-R
ALT_COREKS_B_AX_20_R2;BTG-020-F
ALT_COREKS_B_AX_21_C;BTG-022-C
ALT_COREKS_B_AX_21_R1;BTG-022-R
ALT_COREKS_B_AX_21_R2;BTG-022-F
ALT_COREKS_B_AX_22_C;BTG-021-C
ALT_COREKS_B_AX_22_R1;BTG-021-R
ALT_COREKS_B_AX_22_R2;BTG-021-F
ALT_COREKS_B_AX_23_C;BTG-023-C
ALT_COREKS_B_AX_23_R1;BTG-023-R
ALT_COREKS_B_AX_23_R2;BTG-023-F
ALT_COREKS_B_AX_24_C;BTG-026-C
ALT_COREKS_B_AX_24_R1;BTG-026-R
ALT_COREKS_B_AX_24_R2;BTG-026-F
ALT_COREKS_B_AX_25_C;BTG-029-C
ALT_COREKS_B_AX_25_R1;BTG-029-R
ALT_COREKS_B_AX_25_R2;BTG-029-F
ALT_COREKS_B_AX_26_C;BTG-024-C
ALT_COREKS_B_AX_26_R1;BTG-024-R
ALT_COREKS_B_AX_26_R2;BTG-024-F
ALT_COREKS_B_AX_27_C;BTG-027-C
ALT_COREKS_B_AX_27_R1;BTG-027-R
ALT_COREKS_B_AX_27_R2;BTG-027-F
ALT_COREKS_B_AX_28_C;BTG-025-C
ALT_COREKS_B_AX_28_R1;BTG-025-R
ALT_COREKS_B_AX_28_R2;BTG-025-F
ALT_COREKS_B_AX_29_C;BTG-028-C
ALT_COREKS_B_AX_29_R1;BTG-028-R
ALT_COREKS_B_AX_29_R2;BTG-028-F
ALT_COREKS_B_AX_30_C;BTG-030-C
ALT_COREKS_B_AX_30_R1;BTG-030-R
ALT_COREKS_B_AX_30_R2;BTG-030-F
ALT_COREKS_B_AX_31_C;BTG-181-T
ALT_COREKS_B_BR_01_C;BTG-031-H
ALT_COREKS_B_BR_02_C;BTG-032-H
ALT_COREKS_B_BR_03_C;BTG-033-H
ALT_COREKS_B_BR_04_C;BTG-036-C
ALT_COREKS_B_BR_04_R1;BTG-036-R
ALT_COREKS_B_BR_04_R2;BTG-036-F
ALT_COREKS_B_BR_05_C;BTG-034-C
ALT_COREKS_B_BR_05_R1;BTG-034-R
ALT_COREKS_B_BR_05_R2;BTG-034-F
ALT_COREKS_B_BR_06_C;BTG-041-C
ALT_COREKS_B_BR_06_R1;BTG-041-R
ALT_COREKS_B_BR_06_R2;BTG-041-F
ALT_COREKS_B_BR_07_C;BTG-038-C
ALT_COREKS_B_BR_07_R1;BTG-038-R
ALT_COREKS_B_BR_07_R2;BTG-038-F
ALT_COREKS_B_BR_08_C;BTG-037-C
ALT_COREKS_B_BR_08_R1;BTG-037-R
ALT_COREKS_B_BR_08_R2;BTG-037-F
ALT_COREKS_B_BR_09_C;BTG-042-C
ALT_COREKS_B_BR_09_R1;BTG-042-R
ALT_COREKS_B_BR_09_R2;BTG-042-F
ALT_COREKS_B_BR_10_C;BTG-040-C
ALT_COREKS_B_BR_10_R1;BTG-040-R
ALT_COREKS_B_BR_10_R2;BTG-040-F
ALT_COREKS_B_BR_11_C;BTG-039-C
ALT_COREKS_B_BR_11_R1;BTG-039-R
ALT_COREKS_B_BR_11_R2;BTG-039-F
ALT_COREKS_B_BR_12_C;BTG-046-C
ALT_COREKS_B_BR_12_R1;BTG-046-R
ALT_COREKS_B_BR_12_R2;BTG-046-F
ALT_COREKS_B_BR_13_C;BTG-050-C
ALT_COREKS_B_BR_13_R1;BTG-050-R
ALT_COREKS_B_BR_13_R2;BTG-050-F
ALT_COREKS_B_BR_14_C;BTG-043-C
ALT_COREKS_B_BR_14_R1;BTG-043-R
ALT_COREKS_B_BR_14_R2;BTG-043-F
ALT_COREKS_B_BR_15_C;BTG-044-C
ALT_COREKS_B_BR_15_R1;BTG-044-R
ALT_COREKS_B_BR_15_R2;BTG-044-F
ALT_COREKS_B_BR_16_C;BTG-035-C
ALT_COREKS_B_BR_16_R1;BTG-035-R
ALT_COREKS_B_BR_16_R2;BTG-035-F
ALT_COREKS_B_BR_17_C;BTG-045-C
ALT_COREKS_B_BR_17_R1;BTG-045-R
ALT_COREKS_B_BR_17_R2;BTG-045-F
ALT_COREKS_B_BR_18_C;BTG-048-C
ALT_COREKS_B_BR_18_R1;BTG-048-R
ALT_COREKS_B_BR_18_R2;BTG-048-F
ALT_COREKS_B_BR_19_C;BTG-049-C
ALT_COREKS_B_BR_19_R1;BTG-049-R
ALT_COREKS_B_BR_19_R2;BTG-049-F
ALT_COREKS_B_BR_20_C;BTG-052-C
ALT_COREKS_B_BR_20_R1;BTG-052-R
ALT_COREKS_B_BR_20_R2;BTG-052-F
ALT_COREKS_B_BR_21_C;BTG-051-C
ALT_COREKS_B_BR_21_R1;BTG-051-R
ALT_COREKS_B_BR_21_R2;BTG-051-F
ALT_COREKS_B_BR_22_C;BTG-053-C
ALT_COREKS_B_BR_22_R1;BTG-053-R
ALT_COREKS_B_BR_22_R2;BTG-053-F
ALT_COREKS_B_BR_23_C;BTG-047-C
ALT_COREKS_B_BR_23_R1;BTG-047-R
ALT_COREKS_B_BR_23_R2;BTG-047-F
ALT_COREKS_B_BR_24_C;BTG-054-C
ALT_COREKS_B_BR_24_R1;BTG-054-R
ALT_COREKS_B_BR_24_R2;BTG-054-F
ALT_COREKS_B_BR_25_C;BTG-055-C
ALT_COREKS_B_BR_25_R1;BTG-055-R
ALT_COREKS_B_BR_25_R2;BTG-055-F
ALT_COREKS_B_BR_26_C;BTG-058-C
ALT_COREKS_B_BR_26_R1;BTG-058-R
ALT_COREKS_B_BR_26_R2;BTG-058-F
ALT_COREKS_B_BR_27_C;BTG-057-C
ALT_COREKS_B_BR_27_R1;BTG-057-R
ALT_COREKS_B_BR_27_R2;BTG-057-F
ALT_COREKS_B_BR_28_C;BTG-056-C
ALT_COREKS_B_BR_28_R1;BTG-056-R
ALT_COREKS_B_BR_28_R2;BTG-056-F
ALT_COREKS_B_BR_29_C;BTG-059-C
ALT_COREKS_B_BR_29_R1;BTG-059-R
ALT_COREKS_B_BR_29_R2;BTG-059-F
ALT_COREKS_B_BR_30_C;BTG-060-C
ALT_COREKS_B_BR_30_R1;BTG-060-R
ALT_COREKS_B_BR_30_R2;BTG-060-F
ALT_COREKS_B_BR_31_C;BTG-182-T
ALT_COREKS_B_LY_01_C;BTG-061-H
ALT_COREKS_B_LY_02_C;BTG-062-H
ALT_COREKS_B_LY_03_C;BTG-063-H
ALT_COREKS_B_LY_04_C;BTG-064-C
ALT_COREKS_B_LY_04_R1;BTG-064-R
ALT_COREKS_B_LY_04_R2;BTG-064-F
ALT_COREKS_B_LY_05_C;BTG-068-C
ALT_COREKS_B_LY_05_R1;BTG-068-R
ALT_COREKS_B_LY_05_R2;BTG-068-F
ALT_COREKS_B_LY_06_C;BTG-065-C
ALT_COREKS_B_LY_06_R1;BTG-065-R
ALT_COREKS_B_LY_06_R2;BTG-065-F
ALT_COREKS_B_LY_07_C;BTG-069-C
ALT_COREKS_B_LY_07_R1;BTG-069-R
ALT_COREKS_B_LY_07_R2;BTG-069-F
ALT_COREKS_B_LY_08_C;BTG-067-C
ALT_COREKS_B_LY_08_R1;BTG-067-R
ALT_COREKS_B_LY_08_R2;BTG-067-F
ALT_COREKS_B_LY_09_C;BTG-075-C
ALT_COREKS_B_LY_09_R1;BTG-075-R
ALT_COREKS_B_LY_09_R2;BTG-075-F
ALT_COREKS_B_LY_10_C;BTG-074-C
ALT_COREKS_B_LY_10_R1;BTG-074-R
ALT_COREKS_B_LY_10_R2;BTG-074-F
ALT_COREKS_B_LY_11_C;BTG-066-C
ALT_COREKS_B_LY_11_R1;BTG-066-R
ALT_COREKS_B_LY_11_R2;BTG-066-F
ALT_COREKS_B_LY_12_C;BTG-070-C
ALT_COREKS_B_LY_12_R1;BTG-070-R
ALT_COREKS_B_LY_12_R2;BTG-070-F
ALT_COREKS_B_LY_13_C;BTG-071-C
ALT_COREKS_B_LY_13_R1;BTG-071-R
ALT_COREKS_B_LY_13_R2;BTG-071-F
ALT_COREKS_B_LY_14_C;BTG-072-C
ALT_COREKS_B_LY_14_R1;BTG-072-R
ALT_COREKS_B_LY_14_R2;BTG-072-F
ALT_COREKS_B_LY_15_C;BTG-076-C
ALT_COREKS_B_LY_15_R1;BTG-076-R
ALT_COREKS_B_LY_15_R2;BTG-076-F
ALT_COREKS_B_LY_16_C;BTG-073-C
ALT_COREKS_B_LY_16_R1;BTG-073-R
ALT_COREKS_B_LY_16_R2;BTG-073-F
ALT_COREKS_B_LY_17_C;BTG-077-C
ALT_COREKS_B_LY_17_R1;BTG-077-R
ALT_COREKS_B_LY_17_R2;BTG-077-F
ALT_COREKS_B_LY_18_C;BTG-078-C
ALT_COREKS_B_LY_18_R1;BTG-078-R
ALT_COREKS_B_LY_18_R2;BTG-078-F
ALT_COREKS_B_LY_19_C;BTG-079-C
ALT_COREKS_B_LY_19_R1;BTG-079-R
ALT_COREKS_B_LY_19_R2;BTG-079-F
ALT_COREKS_B_LY_20_C;BTG-080-C
ALT_COREKS_B_LY_20_R1;BTG-080-R
ALT_COREKS_B_LY_20_R2;BTG-080-F
ALT_COREKS_B_LY_21_C;BTG-081-C
ALT_COREKS_B_LY_21_R1;BTG-081-R
ALT_COREKS_B_LY_21_R2;BTG-081-F
ALT_COREKS_B_LY_22_C;BTG-082-C
ALT_COREKS_B_LY_22_R1;BTG-082-R
ALT_COREKS_B_LY_22_R2;BTG-082-F
ALT_COREKS_B_LY_23_C;BTG-084-C
ALT_COREKS_B_LY_23_R1;BTG-084-R
ALT_COREKS_B_LY_23_R2;BTG-084-F
ALT_COREKS_B_LY_24_C;BTG-086-C
ALT_COREKS_B_LY_24_R1;BTG-086-R
ALT_COREKS_B_LY_24_R2;BTG-086-F
ALT_COREKS_B_LY_25_C;BTG-085-C
ALT_COREKS_B_LY_25_R1;BTG-085-R
ALT_COREKS_B_LY_25_R2;BTG-085-F
ALT_COREKS_B_LY_26_C;BTG-087-C
ALT_COREKS_B_LY_26_R1;BTG-087-R
ALT_COREKS_B_LY_26_R2;BTG-087-F
ALT_COREKS_B_LY_27_C;BTG-088-C
ALT_COREKS_B_LY_27_R1;BTG-088-R
ALT_COREKS_B_LY_27_R2;BTG-088-F
ALT_COREKS_B_LY_28_C;BTG-083-C
ALT_COREKS_B_LY_28_R1;BTG-083-R
ALT_COREKS_B_LY_28_R2;BTG-083-F
ALT_COREKS_B_LY_29_C;BTG-089-C
ALT_COREKS_B_LY_29_R1;BTG-089-R
ALT_COREKS_B_LY_29_R2;BTG-089-F
ALT_COREKS_B_LY_30_C;BTG-090-C
ALT_COREKS_B_LY_30_R1;BTG-090-R
ALT_COREKS_B_LY_30_R2;BTG-090-F
ALT_COREKS_B_MU_01_C;BTG-091-H
ALT_COREKS_B_MU_02_C;BTG-092-H
ALT_COREKS_B_MU_03_C;BTG-093-H
ALT_COREKS_B_MU_04_C;BTG-094-C
ALT_COREKS_B_MU_04_R1;BTG-094-R
ALT_COREKS_B_MU_04_R2;BTG-094-F
ALT_COREKS_B_MU_05_C;BTG-097-C
ALT_COREKS_B_MU_05_R1;BTG-097-R
ALT_COREKS_B_MU_05_R2;BTG-097-F
ALT_COREKS_B_MU_06_C;BTG-095-C
ALT_COREKS_B_MU_06_R1;BTG-095-R
ALT_COREKS_B_MU_06_R2;BTG-095-F
ALT_COREKS_B_MU_07_C;BTG-096-C
ALT_COREKS_B_MU_07_R1;BTG-096-R
ALT_COREKS_B_MU_07_R2;BTG-096-F
ALT_COREKS_B_MU_08_C;BTG-099-C
ALT_COREKS_B_MU_08_R1;BTG-099-R
ALT_COREKS_B_MU_08_R2;BTG-099-F
ALT_COREKS_B_MU_09_C;BTG-098-C
ALT_COREKS_B_MU_09_R1;BTG-098-R
ALT_COREKS_B_MU_09_R2;BTG-098-F
ALT_COREKS_B_MU_10_C;BTG-106-C
ALT_COREKS_B_MU_10_R1;BTG-106-R
ALT_COREKS_B_MU_10_R2;BTG-106-F
ALT_COREKS_B_MU_11_C;BTG-101-C
ALT_COREKS_B_MU_11_R1;BTG-101-R
ALT_COREKS_B_MU_11_R2;BTG-101-F
ALT_COREKS_B_MU_12_C;BTG-104-C
ALT_COREKS_B_MU_12_R1;BTG-104-R
ALT_COREKS_B_MU_12_R2;BTG-104-F
ALT_COREKS_B_MU_13_C;BTG-102-C
ALT_COREKS_B_MU_13_R1;BTG-102-R
ALT_COREKS_B_MU_13_R2;BTG-102-F
ALT_COREKS_B_MU_14_C;BTG-108-C
ALT_COREKS_B_MU_14_R1;BTG-108-R
ALT_COREKS_B_MU_14_R2;BTG-108-F
ALT_COREKS_B_MU_15_C;BTG-105-C
ALT_COREKS_B_MU_15_R1;BTG-105-R
ALT_COREKS_B_MU_15_R2;BTG-105-F
ALT_COREKS_B_MU_16_C;BTG-103-C
ALT_COREKS_B_MU_16_R1;BTG-103-R
ALT_COREKS_B_MU_16_R2;BTG-103-F
ALT_COREKS_B_MU_17_C;BTG-109-C
ALT_COREKS_B_MU_17_R1;BTG-109-R
ALT_COREKS_B_MU_17_R2;BTG-109-F
ALT_COREKS_B_MU_18_C;BTG-107-C
ALT_COREKS_B_MU_18_R1;BTG-107-R
ALT_COREKS_B_MU_18_R2;BTG-107-F
ALT_COREKS_B_MU_19_C;BTG-110-C
ALT_COREKS_B_MU_19_R1;BTG-110-R
ALT_COREKS_B_MU_19_R2;BTG-110-F
ALT_COREKS_B_MU_20_C;BTG-111-C
ALT_COREKS_B_MU_20_R1;BTG-111-R
ALT_COREKS_B_MU_20_R2;BTG-111-F
ALT_COREKS_B_MU_21_C;BTG-112-C
ALT_COREKS_B_MU_21_R1;BTG-112-R
ALT_COREKS_B_MU_21_R2;BTG-112-F
ALT_COREKS_B_MU_22_C;BTG-113-C
ALT_COREKS_B_MU_22_R1;BTG-113-R
ALT_COREKS_B_MU_22_R2;BTG-113-F
ALT_COREKS_B_MU_23_C;BTG-100-C
ALT_COREKS_B_MU_23_R1;BTG-100-R
ALT_COREKS_B_MU_23_R2;BTG-100-F
ALT_COREKS_B_MU_24_C;BTG-119-C
ALT_COREKS_B_MU_24_R1;BTG-119-R
ALT_COREKS_B_MU_24_R2;BTG-119-F
ALT_COREKS_B_MU_25_C;BTG-117-C
ALT_COREKS_B_MU_25_R1;BTG-117-R
ALT_COREKS_B_MU_25_R2;BTG-117-F
ALT_COREKS_B_MU_26_C;BTG-118-C
ALT_COREKS_B_MU_26_R1;BTG-118-R
ALT_COREKS_B_MU_26_R2;BTG-118-F
ALT_COREKS_B_MU_27_C;BTG-116-C
ALT_COREKS_B_MU_27_R1;BTG-116-R
ALT_COREKS_B_MU_27_R2;BTG-116-F
ALT_COREKS_B_MU_28_C;BTG-115-C
ALT_COREKS_B_MU_28_R1;BTG-115-R
ALT_COREKS_B_MU_28_R2;BTG-115-F
ALT_COREKS_B_MU_29_C;BTG-114-C
ALT_COREKS_B_MU_29_R1;BTG-114-R
ALT_COREKS_B_MU_29_R2;BTG-114-F
ALT_COREKS_B_MU_30_C;BTG-120-C
ALT_COREKS_B_MU_30_R1;BTG-120-R
ALT_COREKS_B_MU_30_R2;BTG-120-F
ALT_COREKS_B_NE_1_C;BTG-186-T
ALT_COREKS_B_OR_01_C;BTG-121-H
ALT_COREKS_B_OR_02_C;BTG-123-H
ALT_COREKS_B_OR_03_C;BTG-122-H
ALT_COREKS_B_OR_04_C;BTG-125-C
ALT_COREKS_B_OR_04_R1;BTG-125-R
ALT_COREKS_B_OR_04_R2;BTG-125-F
ALT_COREKS_B_OR_05_C;BTG-124-C
ALT_COREKS_B_OR_05_R1;BTG-124-R
ALT_COREKS_B_OR_05_R2;BTG-124-F
ALT_COREKS_B_OR_06_C;BTG-129-C
ALT_COREKS_B_OR_06_R1;BTG-129-R
ALT_COREKS_B_OR_06_R2;BTG-129-F
ALT_COREKS_B_OR_07_C;BTG-128-C
ALT_COREKS_B_OR_07_R1;BTG-128-R
ALT_COREKS_B_OR_07_R2;BTG-128-F
ALT_COREKS_B_OR_08_C;BTG-127-C
ALT_COREKS_B_OR_08_R1;BTG-127-R
ALT_COREKS_B_OR_08_R2;BTG-127-F
ALT_COREKS_B_OR_09_C;BTG-131-C
ALT_COREKS_B_OR_09_R1;BTG-131-R
ALT_COREKS_B_OR_09_R2;BTG-131-F
ALT_COREKS_B_OR_10_C;BTG-126-C
ALT_COREKS_B_OR_10_R1;BTG-126-R
ALT_COREKS_B_OR_10_R2;BTG-126-F
ALT_COREKS_B_OR_11_C;BTG-130-C
ALT_COREKS_B_OR_11_R1;BTG-130-R
ALT_COREKS_B_OR_11_R2;BTG-130-F
ALT_COREKS_B_OR_12_C;BTG-140-C
ALT_COREKS_B_OR_12_R1;BTG-140-R
ALT_COREKS_B_OR_12_R2;BTG-140-F
ALT_COREKS_B_OR_13_C;BTG-135-C
ALT_COREKS_B_OR_13_R1;BTG-135-R
ALT_COREKS_B_OR_13_R2;BTG-135-F
ALT_COREKS_B_OR_14_C;BTG-132-C
ALT_COREKS_B_OR_14_R1;BTG-132-R
ALT_COREKS_B_OR_14_R2;BTG-132-F
ALT_COREKS_B_OR_15_C;BTG-133-C
ALT_COREKS_B_OR_15_R1;BTG-133-R
ALT_COREKS_B_OR_15_R2;BTG-133-F
ALT_COREKS_B_OR_16_C;BTG-134-C
ALT_COREKS_B_OR_16_R1;BTG-134-R
ALT_COREKS_B_OR_16_R2;BTG-134-F
ALT_COREKS_B_OR_17_C;BTG-137-C
ALT_COREKS_B_OR_17_R1;BTG-137-R
ALT_COREKS_B_OR_17_R2;BTG-137-F
ALT_COREKS_B_OR_18_C;BTG-138-C
ALT_COREKS_B_OR_18_R1;BTG-138-R
ALT_COREKS_B_OR_18_R2;BTG-138-F
ALT_COREKS_B_OR_19_C;BTG-142-C
ALT_COREKS_B_OR_19_R1;BTG-142-R
ALT_COREKS_B_OR_19_R2;BTG-142-F
ALT_COREKS_B_OR_20_C;BTG-141-C
ALT_COREKS_B_OR_20_R1;BTG-141-R
ALT_COREKS_B_OR_20_R2;BTG-141-F
ALT_COREKS_B_OR_21_C;BTG-139-C
ALT_COREKS_B_OR_21_R1;BTG-139-R
ALT_COREKS_B_OR_21_R2;BTG-139-F
ALT_COREKS_B_OR_22_C;BTG-136-C
ALT_COREKS_B_OR_22_R1;BTG-136-R
ALT_COREKS_B_OR_22_R2;BTG-136-F
ALT_COREKS_B_OR_23_C;BTG-143-C
ALT_COREKS_B_OR_23_R1;BTG-143-R
ALT_COREKS_B_OR_23_R2;BTG-143-F
ALT_COREKS_B_OR_24_C;BTG-144-C
ALT_COREKS_B_OR_24_R1;BTG-144-R
ALT_COREKS_B_OR_24_R2;BTG-144-F
ALT_COREKS_B_OR_25_C;BTG-145-C
ALT_COREKS_B_OR_25_R1;BTG-145-R
ALT_COREKS_B_OR_25_R2;BTG-145-F
ALT_COREKS_B_OR_26_C;BTG-147-C
ALT_COREKS_B_OR_26_R1;BTG-147-R
ALT_COREKS_B_OR_26_R2;BTG-147-F
ALT_COREKS_B_OR_27_C;BTG-146-C
ALT_COREKS_B_OR_27_R1;BTG-146-R
ALT_COREKS_B_OR_27_R2;BTG-146-F
ALT_COREKS_B_OR_28_C;BTG-149-C
ALT_COREKS_B_OR_28_R1;BTG-149-R
ALT_COREKS_B_OR_28_R2;BTG-149-F
ALT_COREKS_B_OR_29_C;BTG-150-C
ALT_COREKS_B_OR_29_R1;BTG-150-R
ALT_COREKS_B_OR_29_R2;BTG-150-F
ALT_COREKS_B_OR_30_C;BTG-148-C
ALT_COREKS_B_OR_30_R1;BTG-148-R
ALT_COREKS_B_OR_30_R2;BTG-148-F
ALT_COREKS_B_OR_31_C;BTG-183-T
ALT_COREKS_B_OR_32_C;BTG-184-T
ALT_COREKS_B_YZ_01_C;BTG-151-H
ALT_COREKS_B_YZ_02_C;BTG-153-H
ALT_COREKS_B_YZ_03_C;BTG-152-H
ALT_COREKS_B_YZ_04_C;BTG-155-C
ALT_COREKS_B_YZ_04_R1;BTG-155-R
ALT_COREKS_B_YZ_04_R2;BTG-155-F
ALT_COREKS_B_YZ_05_C;BTG-154-C
ALT_COREKS_B_YZ_05_R1;BTG-154-R
ALT_COREKS_B_YZ_05_R2;BTG-154-F
ALT_COREKS_B_YZ_06_C;BTG-159-C
ALT_COREKS_B_YZ_06_R1;BTG-159-R
ALT_COREKS_B_YZ_06_R2;BTG-159-F
ALT_COREKS_B_YZ_07_C;BTG-156-C
ALT_COREKS_B_YZ_07_R1;BTG-156-R
ALT_COREKS_B_YZ_07_R2;BTG-156-F
ALT_COREKS_B_YZ_08_C;BTG-157-C
ALT_COREKS_B_YZ_08_R1;BTG-157-R
ALT_COREKS_B_YZ_08_R2;BTG-157-F
ALT_COREKS_B_YZ_09_C;BTG-158-C
ALT_COREKS_B_YZ_09_R1;BTG-158-R
ALT_COREKS_B_YZ_09_R2;BTG-158-F
ALT_COREKS_B_YZ_10_C;BTG-163-C
ALT_COREKS_B_YZ_10_R1;BTG-163-R
ALT_COREKS_B_YZ_10_R2;BTG-163-F
ALT_COREKS_B_YZ_11_C;BTG-161-C
ALT_COREKS_B_YZ_11_R1;BTG-161-R
ALT_COREKS_B_YZ_11_R2;BTG-161-F
ALT_COREKS_B_YZ_12_C;BTG-160-C
ALT_COREKS_B_YZ_12_R1;BTG-160-R
ALT_COREKS_B_YZ_12_R2;BTG-160-F
ALT_COREKS_B_YZ_13_C;BTG-162-C
ALT_COREKS_B_YZ_13_R1;BTG-162-R
ALT_COREKS_B_YZ_13_R2;BTG-162-F
ALT_COREKS_B_YZ_14_C;BTG-164-C
ALT_COREKS_B_YZ_14_R1;BTG-164-R
ALT_COREKS_B_YZ_14_R2;BTG-164-F
ALT_COREKS_B_YZ_15_C;BTG-165-C
ALT_COREKS_B_YZ_15_R1;BTG-165-R
ALT_COREKS_B_YZ_15_R2;BTG-165-F
ALT_COREKS_B_YZ_16_C;BTG-166-C
ALT_COREKS_B_YZ_16_R1;BTG-166-R
ALT_COREKS_B_YZ_16_R2;BTG-166-F
ALT_COREKS_B_YZ_17_C;BTG-168-C
ALT_COREKS_B_YZ_17_R1;BTG-168-R
ALT_COREKS_B_YZ_17_R2;BTG-168-F
ALT_COREKS_B_YZ_18_C;BTG-167-C
ALT_COREKS_B_YZ_18_R1;BTG-167-R
ALT_COREKS_B_YZ_18_R2;BTG-167-F
ALT_COREKS_B_YZ_19_C;BTG-169-C
ALT_COREKS_B_YZ_19_R1;BTG-169-R
ALT_COREKS_B_YZ_19_R2;BTG-169-F
ALT_COREKS_B_YZ_20_C;BTG-170-C
ALT_COREKS_B_YZ_20_R1;BTG-170-R
ALT_COREKS_B_YZ_20_R2;BTG-170-F
ALT_COREKS_B_YZ_21_C;BTG-172-C
ALT_COREKS_B_YZ_21_R1;BTG-172-R
ALT_COREKS_B_YZ_21_R2;BTG-172-F
ALT_COREKS_B_YZ_22_C;BTG-171-C
ALT_COREKS_B_YZ_22_R1;BTG-171-R
ALT_COREKS_B_YZ_22_R2;BTG-171-F
ALT_COREKS_B_YZ_23_C;BTG-173-C
ALT_COREKS_B_YZ_23_R1;BTG-173-R
ALT_COREKS_B_YZ_23_R2;BTG-173-F
ALT_COREKS_B_YZ_24_C;BTG-174-C
ALT_COREKS_B_YZ_24_R1;BTG-174-R
ALT_COREKS_B_YZ_24_R2;BTG-174-F
ALT_COREKS_B_YZ_25_C;BTG-176-C
ALT_COREKS_B_YZ_25_R1;BTG-176-R
ALT_COREKS_B_YZ_25_R2;BTG-176-F
ALT_COREKS_B_YZ_26_C;BTG-175-C
ALT_COREKS_B_YZ_26_R1;BTG-175-R
ALT_COREKS_B_YZ_26_R2;BTG-175-F
ALT_COREKS_B_YZ_27_C;BTG-177-C
ALT_COREKS_B_YZ_27_R1;BTG-177-R
ALT_COREKS_B_YZ_27_R2;BTG-177-F
ALT_COREKS_B_YZ_28_C;BTG-178-C
ALT_COREKS_B_YZ_28_R1;BTG-178-R
ALT_COREKS_B_YZ_28_R2;BTG-178-F
ALT_COREKS_B_YZ_29_C;BTG-179-C
ALT_COREKS_B_YZ_29_R1;BTG-179-R
ALT_COREKS_B_YZ_29_R2;BTG-179-F
ALT_COREKS_B_YZ_30_C;BTG-180-C
ALT_COREKS_B_YZ_30_R1;BTG-180-R
ALT_COREKS_B_YZ_30_R2;BTG-180-F
ALT_COREKS_B_YZ_31_C;BTG-185-T
ALT_COREKS_P_AX_01_C;BTG-001-H
ALT_COREKS_P_AX_02_C;BTG-003-H
ALT_COREKS_P_AX_03_C;BTG-002-H
ALT_COREKS_P_BR_01_C;BTG-031-H
ALT_COREKS_P_BR_02_C;BTG-032-H
ALT_COREKS_P_BR_03_C;BTG-033-H
ALT_COREKS_P_LY_01_C;BTG-061-H
ALT_COREKS_P_LY_02_C;BTG-062-H
ALT_COREKS_P_LY_03_C;BTG-063-H
ALT_COREKS_P_MU_01_C;BTG-091-H
ALT_COREKS_P_MU_02_C;BTG-092-H
ALT_COREKS_P_MU_03_C;BTG-093-H
ALT_COREKS_P_OR_01_C;BTG-121-H
ALT_COREKS_P_OR_02_C;BTG-123-H
ALT_COREKS_P_OR_03_C;BTG-122-H
ALT_COREKS_P_YZ_01_C;BTG-151-H
ALT_COREKS_P_YZ_02_C;BTG-153-H
ALT_COREKS_P_YZ_03_C;BTG-152-H
ALT_CYCLONE_A_AX_74_C;SKY-10-C
ALT_CYCLONE_A_AX_74_R1;SKY-10-R
ALT_CYCLONE_A_AX_74_R2;SKY-10-F
ALT_CYCLONE_A_BR_77_C;SKY-31-C
ALT_CYCLONE_A_BR_77_R1;SKY-31-R
ALT_CYCLONE_A_BR_77_R2;SKY-31-F
ALT_CYCLONE_A_LY_74_C;SKY-47-C
ALT_CYCLONE_A_LY_74_R1;SKY-47-R
ALT_CYCLONE_A_LY_74_R2;SKY-47-F
ALT_CYCLONE_A_MU_74_C;SKY-65-C
ALT_CYCLONE_A_MU_74_R1;SKY-65-R
ALT_CYCLONE_A_MU_74_R2;SKY-65-F
ALT_CYCLONE_A_OR_74_C;SKY-83-C
ALT_CYCLONE_A_OR_74_R1;SKY-83-R
ALT_CYCLONE_A_OR_74_R2;SKY-83-F
ALT_CYCLONE_A_YZ_73_C;SKY-100-C
ALT_CYCLONE_A_YZ_73_R1;SKY-100-R
ALT_CYCLONE_A_YZ_73_R2;SKY-100-F
ALT_CYCLONE_B_AX_31_C;SKY-109-T
ALT_CYCLONE_B_AX_31_C-FR;SKY-109-T
ALT_CYCLONE_B_AX_65_C;SKY-1-H
ALT_CYCLONE_B_AX_66_C;SKY-2-C
ALT_CYCLONE_B_AX_66_R1;SKY-2-R
ALT_CYCLONE_B_AX_66_R2;SKY-2-F
ALT_CYCLONE_B_AX_67_C;SKY-4-C
ALT_CYCLONE_B_AX_67_R1;SKY-4-R
ALT_CYCLONE_B_AX_67_R2;SKY-4-F
ALT_CYCLONE_B_AX_68_C;SKY-3-C
ALT_CYCLONE_B_AX_68_R1;SKY-3-R
ALT_CYCLONE_B_AX_68_R2;SKY-3-F
ALT_CYCLONE_B_AX_69_C;SKY-9-C
ALT_CYCLONE_B_AX_69_R1;SKY-9-R
ALT_CYCLONE_B_AX_69_R2;SKY-9-F
ALT_CYCLONE_B_AX_70_C;SKY-5-C
ALT_CYCLONE_B_AX_70_R1;SKY-5-R
ALT_CYCLONE_B_AX_70_R2;SKY-5-F
ALT_CYCLONE_B_AX_71_C;SKY-8-C
ALT_CYCLONE_B_AX_71_R1;SKY-8-R
ALT_CYCLONE_B_AX_71_R2;SKY-8-F
ALT_CYCLONE_B_AX_72_C;SKY-6-C
ALT_CYCLONE_B_AX_72_R1;SKY-6-R
ALT_CYCLONE_B_AX_72_R2;SKY-6-F
ALT_CYCLONE_B_AX_73_C;SKY-7-C
ALT_CYCLONE_B_AX_73_R1;SKY-7-R
ALT_CYCLONE_B_AX_73_R2;SKY-7-F
ALT_CYCLONE_B_AX_74_C;SKY-10-C
ALT_CYCLONE_B_AX_74_R1;SKY-10-R
ALT_CYCLONE_B_AX_74_R2;SKY-10-F
ALT_CYCLONE_B_AX_75_C;SKY-12-C
ALT_CYCLONE_B_AX_75_R1;SKY-12-R
ALT_CYCLONE_B_AX_75_R2;SKY-12-F
ALT_CYCLONE_B_AX_76_C;SKY-11-C
ALT_CYCLONE_B_AX_76_R1;SKY-11-R
ALT_CYCLONE_B_AX_76_R2;SKY-11-F
ALT_CYCLONE_B_AX_77_C;SKY-15-C
ALT_CYCLONE_B_AX_77_R1;SKY-15-R
ALT_CYCLONE_B_AX_77_R2;SKY-15-F
ALT_CYCLONE_B_AX_78_C;SKY-18-C
ALT_CYCLONE_B_AX_78_R1;SKY-18-R
ALT_CYCLONE_B_AX_78_R2;SKY-18-F
ALT_CYCLONE_B_AX_79_C;SKY-17-C
ALT_CYCLONE_B_AX_79_R1;SKY-17-R
ALT_CYCLONE_B_AX_79_R2;SKY-17-F
ALT_CYCLONE_B_AX_80_C;SKY-16-C
ALT_CYCLONE_B_AX_80_R1;SKY-16-R
ALT_CYCLONE_B_AX_80_R2;SKY-16-F
ALT_CYCLONE_B_AX_81_C;SKY-13-C
ALT_CYCLONE_B_AX_81_R1;SKY-13-R
ALT_CYCLONE_B_AX_81_R2;SKY-13-F
ALT_CYCLONE_B_AX_82_C;SKY-14-C
ALT_CYCLONE_B_AX_82_R1;SKY-14-R
ALT_CYCLONE_B_AX_82_R2;SKY-14-F
ALT_CYCLONE_B_BR_65_C;SKY-19-H
ALT_CYCLONE_B_BR_66_C;SKY-20-C
ALT_CYCLONE_B_BR_66_R1;SKY-20-R
ALT_CYCLONE_B_BR_66_R2;SKY-20-F
ALT_CYCLONE_B_BR_67_C;SKY-21-C
ALT_CYCLONE_B_BR_67_R1;SKY-21-R
ALT_CYCLONE_B_BR_67_R2;SKY-21-F
ALT_CYCLONE_B_BR_68_C;SKY-24-C
ALT_CYCLONE_B_BR_68_R1;SKY-24-R
ALT_CYCLONE_B_BR_68_R2;SKY-24-F
ALT_CYCLONE_B_BR_69_C;SKY-23-C
ALT_CYCLONE_B_BR_69_R1;SKY-23-R
ALT_CYCLONE_B_BR_69_R2;SKY-23-F
ALT_CYCLONE_B_BR_70_C;SKY-22-C
ALT_CYCLONE_B_BR_70_R1;SKY-22-R
ALT_CYCLONE_B_BR_70_R2;SKY-22-F
ALT_CYCLONE_B_BR_71_C;SKY-25-C
ALT_CYCLONE_B_BR_71_R1;SKY-25-R
ALT_CYCLONE_B_BR_71_R2;SKY-25-F
ALT_CYCLONE_B_BR_72_C;SKY-27-C
ALT_CYCLONE_B_BR_72_R1;SKY-27-R
ALT_CYCLONE_B_BR_72_R2;SKY-27-F
ALT_CYCLONE_B_BR_73_C;SKY-26-C
ALT_CYCLONE_B_BR_73_R1;SKY-26-R
ALT_CYCLONE_B_BR_73_R2;SKY-26-F
ALT_CYCLONE_B_BR_74_C;SKY-28-C
ALT_CYCLONE_B_BR_74_R1;SKY-28-R
ALT_CYCLONE_B_BR_74_R2;SKY-28-F
ALT_CYCLONE_B_BR_75_C;SKY-29-C
ALT_CYCLONE_B_BR_75_R1;SKY-29-R
ALT_CYCLONE_B_BR_75_R2;SKY-29-F
ALT_CYCLONE_B_BR_76_C;SKY-30-C
ALT_CYCLONE_B_BR_76_R1;SKY-30-R
ALT_CYCLONE_B_BR_76_R2;SKY-30-F
ALT_CYCLONE_B_BR_77_C;SKY-31-C
ALT_CYCLONE_B_BR_77_R1;SKY-31-R
ALT_CYCLONE_B_BR_77_R2;SKY-31-F
ALT_CYCLONE_B_BR_78_C;SKY-34-C
ALT_CYCLONE_B_BR_78_R1;SKY-34-R
ALT_CYCLONE_B_BR_78_R2;SKY-34-F
ALT_CYCLONE_B_BR_79_C;SKY-33-C
ALT_CYCLONE_B_BR_79_R1;SKY-33-R
ALT_CYCLONE_B_BR_79_R2;SKY-33-F
ALT_CYCLONE_B_BR_80_C;SKY-32-C
ALT_CYCLONE_B_BR_80_R1;SKY-32-R
ALT_CYCLONE_B_BR_80_R2;SKY-32-F
ALT_CYCLONE_B_BR_81_C;SKY-36-C
ALT_CYCLONE_B_BR_81_R1;SKY-36-R
ALT_CYCLONE_B_BR_81_R2;SKY-36-F
ALT_CYCLONE_B_BR_82_C;SKY-35-C
ALT_CYCLONE_B_BR_82_R1;SKY-35-R
ALT_CYCLONE_B_BR_82_R2;SKY-35-F
ALT_CYCLONE_B_BR_83_C;SKY-110-T
ALT_CYCLONE_B_LY_65_C;SKY-37-H
ALT_CYCLONE_B_LY_66_C;SKY-38-C
ALT_CYCLONE_B_LY_66_R1;SKY-38-R
ALT_CYCLONE_B_LY_66_R2;SKY-38-F
ALT_CYCLONE_B_LY_67_C;SKY-40-C
ALT_CYCLONE_B_LY_67_R1;SKY-40-R
ALT_CYCLONE_B_LY_67_R2;SKY-40-F
ALT_CYCLONE_B_LY_68_C;SKY-42-C
ALT_CYCLONE_B_LY_68_R1;SKY-42-R
ALT_CYCLONE_B_LY_68_R2;SKY-42-F
ALT_CYCLONE_B_LY_69_C;SKY-41-C
ALT_CYCLONE_B_LY_69_R1;SKY-41-R
ALT_CYCLONE_B_LY_69_R2;SKY-41-F
ALT_CYCLONE_B_LY_70_C;SKY-43-C
ALT_CYCLONE_B_LY_70_R1;SKY-43-R
ALT_CYCLONE_B_LY_70_R2;SKY-43-F
ALT_CYCLONE_B_LY_71_C;SKY-39-C
ALT_CYCLONE_B_LY_71_R1;SKY-39-R
ALT_CYCLONE_B_LY_71_R2;SKY-39-F
ALT_CYCLONE_B_LY_72_C;SKY-44-C
ALT_CYCLONE_B_LY_72_R1;SKY-44-R
ALT_CYCLONE_B_LY_72_R2;SKY-44-F
ALT_CYCLONE_B_LY_73_C;SKY-46-C
ALT_CYCLONE_B_LY_73_R1;SKY-46-R
ALT_CYCLONE_B_LY_73_R2;SKY-46-F
ALT_CYCLONE_B_LY_74_C;SKY-47-C
ALT_CYCLONE_B_LY_74_R1;SKY-47-R
ALT_CYCLONE_B_LY_74_R2;SKY-47-F
ALT_CYCLONE_B_LY_75_C;SKY-48-C
ALT_CYCLONE_B_LY_75_R1;SKY-48-R
ALT_CYCLONE_B_LY_75_R2;SKY-48-F
ALT_CYCLONE_B_LY_76_C;SKY-45-C
ALT_CYCLONE_B_LY_76_R1;SKY-45-R
ALT_CYCLONE_B_LY_76_R2;SKY-45-F
ALT_CYCLONE_B_LY_77_C;SKY-52-C
ALT_CYCLONE_B_LY_77_R1;SKY-52-R
ALT_CYCLONE_B_LY_77_R2;SKY-52-F
ALT_CYCLONE_B_LY_77_R2:SKY-52-F;
ALT_CYCLONE_B_LY_78_C;SKY-50-C
ALT_CYCLONE_B_LY_78_R1;SKY-50-R
ALT_CYCLONE_B_LY_78_R2;SKY-50-F
ALT_CYCLONE_B_LY_79_C;SKY-49-C
ALT_CYCLONE_B_LY_79_R1;SKY-49-R
ALT_CYCLONE_B_LY_79_R2;SKY-49-F
ALT_CYCLONE_B_LY_80_C;SKY-51-C
ALT_CYCLONE_B_LY_80_R1;SKY-51-R
ALT_CYCLONE_B_LY_80_R2;SKY-51-F
ALT_CYCLONE_B_LY_81_C;SKY-54-C
ALT_CYCLONE_B_LY_81_R1;SKY-54-R
ALT_CYCLONE_B_LY_81_R2;SKY-54-F
ALT_CYCLONE_B_LY_82_C;SKY-53-C
ALT_CYCLONE_B_LY_82_R1;SKY-53-R
ALT_CYCLONE_B_LY_82_R2;SKY-53-F
ALT_CYCLONE_B_MU_65_C;SKY-55-H
ALT_CYCLONE_B_MU_66_C;SKY-56-C
ALT_CYCLONE_B_MU_66_R1;SKY-56-R
ALT_CYCLONE_B_MU_66_R2;SKY-56-F
ALT_CYCLONE_B_MU_67_C;SKY-57-C
ALT_CYCLONE_B_MU_67_R1;SKY-57-R
ALT_CYCLONE_B_MU_67_R2;SKY-57-F
ALT_CYCLONE_B_MU_68_C;SKY-61-C
ALT_CYCLONE_B_MU_68_R1;SKY-61-R
ALT_CYCLONE_B_MU_68_R2;SKY-61-F
ALT_CYCLONE_B_MU_69_C;SKY-63-C
ALT_CYCLONE_B_MU_69_R1;SKY-63-R
ALT_CYCLONE_B_MU_69_R2;SKY-63-F
ALT_CYCLONE_B_MU_70_C;SKY-62-C
ALT_CYCLONE_B_MU_70_R1;SKY-62-R
ALT_CYCLONE_B_MU_70_R2;SKY-62-F
ALT_CYCLONE_B_MU_71_C;SKY-60-C
ALT_CYCLONE_B_MU_71_R1;SKY-60-R
ALT_CYCLONE_B_MU_71_R2;SKY-60-F
ALT_CYCLONE_B_MU_72_C;SKY-59-C
ALT_CYCLONE_B_MU_72_R1;SKY-59-R
ALT_CYCLONE_B_MU_72_R2;SKY-59-F
ALT_CYCLONE_B_MU_73_C;SKY-64-C
ALT_CYCLONE_B_MU_73_R1;SKY-64-R
ALT_CYCLONE_B_MU_73_R2;SKY-64-F
ALT_CYCLONE_B_MU_74_C;SKY-65-C
ALT_CYCLONE_B_MU_74_R1;SKY-65-R
ALT_CYCLONE_B_MU_74_R2;SKY-65-F
ALT_CYCLONE_B_MU_75_C;SKY-67-C
ALT_CYCLONE_B_MU_75_R1;SKY-67-R
ALT_CYCLONE_B_MU_75_R2;SKY-67-F
ALT_CYCLONE_B_MU_76_C;SKY-58-C
ALT_CYCLONE_B_MU_76_R1;SKY-58-R
ALT_CYCLONE_B_MU_76_R2;SKY-58-F
ALT_CYCLONE_B_MU_77_C;SKY-66-C
ALT_CYCLONE_B_MU_77_R1;SKY-66-R
ALT_CYCLONE_B_MU_77_R2;SKY-66-F
ALT_CYCLONE_B_MU_78_C;SKY-70-C
ALT_CYCLONE_B_MU_78_R1;SKY-70-R
ALT_CYCLONE_B_MU_78_R2;SKY-70-F
ALT_CYCLONE_B_MU_79_C;SKY-69-C
ALT_CYCLONE_B_MU_79_R1;SKY-69-R
ALT_CYCLONE_B_MU_79_R2;SKY-69-F
ALT_CYCLONE_B_MU_80_C;SKY-68-C
ALT_CYCLONE_B_MU_80_R1;SKY-68-R
ALT_CYCLONE_B_MU_80_R2;SKY-68-F
ALT_CYCLONE_B_MU_81_C;SKY-71-C
ALT_CYCLONE_B_MU_81_R1;SKY-71-R
ALT_CYCLONE_B_MU_81_R2;SKY-71-F
ALT_CYCLONE_B_MU_82_C;SKY-72-C
ALT_CYCLONE_B_MU_82_R1;SKY-72-R
ALT_CYCLONE_B_MU_82_R2;SKY-72-F
ALT_CYCLONE_B_MU_83_C;SKY-112-T
ALT_CYCLONE_B_NE_03_C;SKY-111-T
ALT_CYCLONE_B_OR_65_C;SKY-73-H
ALT_CYCLONE_B_OR_66_C;SKY-74-C
ALT_CYCLONE_B_OR_66_R1;SKY-74-R
ALT_CYCLONE_B_OR_66_R2;SKY-74-F
ALT_CYCLONE_B_OR_67_C;SKY-76-C
ALT_CYCLONE_B_OR_67_R1;SKY-76-R
ALT_CYCLONE_B_OR_67_R2;SKY-76-F
ALT_CYCLONE_B_OR_68_C;SKY-79-C
ALT_CYCLONE_B_OR_68_R1;SKY-79-R
ALT_CYCLONE_B_OR_68_R2;SKY-79-F
ALT_CYCLONE_B_OR_69_C;SKY-75-C
ALT_CYCLONE_B_OR_69_R1;SKY-75-R
ALT_CYCLONE_B_OR_69_R2;SKY-75-F
ALT_CYCLONE_B_OR_70_C;SKY-80-C
ALT_CYCLONE_B_OR_70_R1;SKY-80-R
ALT_CYCLONE_B_OR_70_R2;SKY-80-F
ALT_CYCLONE_B_OR_71_C;SKY-77-C
ALT_CYCLONE_B_OR_71_R1;SKY-77-R
ALT_CYCLONE_B_OR_71_R2;SKY-77-F
ALT_CYCLONE_B_OR_72_C;SKY-78-C
ALT_CYCLONE_B_OR_72_R1;SKY-78-R
ALT_CYCLONE_B_OR_72_R2;SKY-78-F
ALT_CYCLONE_B_OR_73_C;SKY-81-C
ALT_CYCLONE_B_OR_73_R1;SKY-81-R
ALT_CYCLONE_B_OR_73_R2;SKY-81-F
ALT_CYCLONE_B_OR_74_C;SKY-83-C
ALT_CYCLONE_B_OR_74_R1;SKY-83-R
ALT_CYCLONE_B_OR_74_R2;SKY-83-F
ALT_CYCLONE_B_OR_75_C;SKY-82-C
ALT_CYCLONE_B_OR_75_R1;SKY-82-R
ALT_CYCLONE_B_OR_75_R2;SKY-82-F
ALT_CYCLONE_B_OR_76_C;SKY-84-C
ALT_CYCLONE_B_OR_76_R1;SKY-84-R
ALT_CYCLONE_B_OR_76_R2;SKY-84-F
ALT_CYCLONE_B_OR_77_C;SKY-87-C
ALT_CYCLONE_B_OR_77_R1;SKY-87-R
ALT_CYCLONE_B_OR_77_R2;SKY-87-F
ALT_CYCLONE_B_OR_78_C;SKY-86-C
ALT_CYCLONE_B_OR_78_R1;SKY-86-R
ALT_CYCLONE_B_OR_78_R2;SKY-86-F
ALT_CYCLONE_B_OR_79_C;SKY-85-C
ALT_CYCLONE_B_OR_79_R1;SKY-85-R
ALT_CYCLONE_B_OR_79_R2;SKY-85-F
ALT_CYCLONE_B_OR_80_C;SKY-88-C
ALT_CYCLONE_B_OR_80_R1;SKY-88-R
ALT_CYCLONE_B_OR_80_R2;SKY-88-F
ALT_CYCLONE_B_OR_81_C;SKY-89-C
ALT_CYCLONE_B_OR_81_R1;SKY-89-R
ALT_CYCLONE_B_OR_81_R2;SKY-89-F
ALT_CYCLONE_B_OR_82_C;SKY-90-C
ALT_CYCLONE_B_OR_82_R1;SKY-90-R
ALT_CYCLONE_B_OR_82_R2;SKY-90-F
ALT_CYCLONE_B_YZ_47_C;SKY-113-T
ALT_CYCLONE_B_YZ_65_C;SKY-91-H
ALT_CYCLONE_B_YZ_66_C;SKY-92-C
ALT_CYCLONE_B_YZ_66_R1;SKY-92-R
ALT_CYCLONE_B_YZ_66_R2;SKY-92-F
ALT_CYCLONE_B_YZ_67_C;SKY-96-C
ALT_CYCLONE_B_YZ_67_R1;SKY-96-R
ALT_CYCLONE_B_YZ_67_R2;SKY-96-F
ALT_CYCLONE_B_YZ_68_C;SKY-93-C
ALT_CYCLONE_B_YZ_68_R1;SKY-93-R
ALT_CYCLONE_B_YZ_68_R2;SKY-93-F
ALT_CYCLONE_B_YZ_69_C;SKY-94-C
ALT_CYCLONE_B_YZ_69_R1;SKY-94-R
ALT_CYCLONE_B_YZ_69_R2;SKY-94-F
ALT_CYCLONE_B_YZ_70_C;SKY-98-C
ALT_CYCLONE_B_YZ_70_R1;SKY-98-R
ALT_CYCLONE_B_YZ_70_R2;SKY-98-F
ALT_CYCLONE_B_YZ_71_C;SKY-95-C
ALT_CYCLONE_B_YZ_71_R1;SKY-95-R
ALT_CYCLONE_B_YZ_71_R2;SKY-95-F
ALT_CYCLONE_B_YZ_72_C;SKY-97-C
ALT_CYCLONE_B_YZ_72_R1;SKY-97-R
ALT_CYCLONE_B_YZ_72_R2;SKY-97-F
ALT_CYCLONE_B_YZ_73_C;SKY-100-C
ALT_CYCLONE_B_YZ_73_R1;SKY-100-R
ALT_CYCLONE_B_YZ_73_R2;SKY-100-F
ALT_CYCLONE_B_YZ_74_C;SKY-99-C
ALT_CYCLONE_B_YZ_74_R1;SKY-99-R
ALT_CYCLONE_B_YZ_74_R2;SKY-99-F
ALT_CYCLONE_B_YZ_75_C;SKY-104-C
ALT_CYCLONE_B_YZ_75_R1;SKY-104-R
ALT_CYCLONE_B_YZ_75_R2;SKY-104-F
ALT_CYCLONE_B_YZ_76_C;SKY-102-C
ALT_CYCLONE_B_YZ_76_R1;SKY-102-R
ALT_CYCLONE_B_YZ_76_R2;SKY-102-F
ALT_CYCLONE_B_YZ_77_C;SKY-107-C
ALT_CYCLONE_B_YZ_77_R1;SKY-107-R
ALT_CYCLONE_B_YZ_77_R2;SKY-107-F
ALT_CYCLONE_B_YZ_78_C;SKY-105-C
ALT_CYCLONE_B_YZ_78_R1;SKY-105-R
ALT_CYCLONE_B_YZ_78_R2;SKY-105-F
ALT_CYCLONE_B_YZ_79_C;SKY-103-C
ALT_CYCLONE_B_YZ_79_R1;SKY-103-R
ALT_CYCLONE_B_YZ_79_R2;SKY-103-F
ALT_CYCLONE_B_YZ_80_C;SKY-106-C
ALT_CYCLONE_B_YZ_80_R1;SKY-106-R
ALT_CYCLONE_B_YZ_80_R2;SKY-106-F
ALT_CYCLONE_B_YZ_81_C;SKY-101-C
ALT_CYCLONE_B_YZ_81_R1;SKY-101-R
ALT_CYCLONE_B_YZ_81_R2;SKY-101-F
ALT_CYCLONE_B_YZ_82_C;SKY-108-C
ALT_CYCLONE_B_YZ_82_R1;SKY-108-R
ALT_CYCLONE_B_YZ_82_R2;SKY-108-F
ALT_MUSUBI_B_AX_09_C;MUSUBI-01-C
ALT_MUSUBI_B_AX_09_R1;MUSUBI-01-R
ALT_MUSUBI_B_AX_09_R2;MUSUBI-01-F
ALT_MUSUBI_B_BR_04_C;MUSUBI-02-C
ALT_MUSUBI_B_BR_04_R1;MUSUBI-02-R
ALT_MUSUBI_B_BR_04_R2;MUSUBI-02-F
ALT_MUSUBI_B_LY_06_C;MUSUBI-03-C
ALT_MUSUBI_B_LY_06_R1;MUSUBI-03-R
ALT_MUSUBI_B_LY_06_R2;MUSUBI-03-F
ALT_MUSUBI_B_MU_22_C;MUSUBI-04-C
ALT_MUSUBI_B_MU_22_R1;MUSUBI-04-R
ALT_MUSUBI_B_MU_22_R2;MUSUBI-04-F
ALT_MUSUBI_B_OR_09_C;MUSUBI-05-C
ALT_MUSUBI_B_OR_09_R1;MUSUBI-05-R
ALT_MUSUBI_B_OR_09_R2;MUSUBI-05-F
ALT_MUSUBI_B_YZ_09_C;MUSUBI-06-C
ALT_MUSUBI_B_YZ_09_R1;MUSUBI-06-R
ALT_MUSUBI_B_YZ_09_R2;MUSUBI-06-F
ALT_TCS3_P_AX_53_R1;TCS3-01-R
ALT_TCS3_P_BR_61_R1;TCS3-02-R
ALT_TCS3_P_LY_49_R1;TCS3-03-R
ALT_TCS3_P_MU_51_R1;TCS3-04-R
ALT_TCS3_P_OR_54_R1;TCS3-05-R
ALT_TCS3_P_YZ_59_R1;TCS3-06-R
ALT_WCQ25_P_AX_08_R1;WCQ25-01-R
ALT_WCQ25_P_BR_06_R1;WCQ25-02-R
ALT_WCQ25_P_LY_10_R1;WCQ25-03-R
ALT_WCQ25_P_MU_16_R1;WCQ25-04-R
ALT_WCQ25_P_OR_05_R1;WCQ25-05-R
ALT_WCQ25_P_YZ_05_R1;WCQ25-06-R
ALT_WCS25_P_AX_01_C;WCS25-AX-01-C
ALT_WCS25_P_AX_02_C;WCS25-AX-02-C
ALT_WCS25_P_AX_03_C;WCS25-AX-03-C
ALT_WCS25_P_BR_01_C;WCS25-BR-01-C
ALT_WCS25_P_BR_02_C;WCS25-BR-02-C
ALT_WCS25_P_BR_03_C;WCS25-BR-03-C
ALT_WCS25_P_LY_01_C;WCS25-LY-01-C
ALT_WCS25_P_LY_02_C;WCS25-LY-02-C
ALT_WCS25_P_LY_03_C;WCS25-LY-03-C
ALT_WCS25_P_MU_01_C;WCS25-MU-01-C
ALT_WCS25_P_MU_02_C;WCS25-MU-02-C
ALT_WCS25_P_MU_03_C;WCS25-MU-03-C
ALT_WCS25_P_OR_01_C;WCS25-OR-01-C
ALT_WCS25_P_OR_02_C;WCS25-OR-02-C
ALT_WCS25_P_OR_03_C;WCS25-OR-03-C
ALT_WCS25_P_YZ_01_C;WCS25-YZ-01-C
ALT_WCS25_P_YZ_02_C;WCS25-YZ-02-C
ALT_WCS25_P_YZ_03_C;WCS25-YZ-03-C
ALT_WCF25_P_AX_01_C;[NA]
ALT_WCF25_P_BR_01_C;[NA]
ALT_WCF25_P_LY_01_C;[NA]
ALT_WCF25_P_MU_01_C;[NA]
ALT_WCF25_P_OR_01_C;[NA]
ALT_WCF25_P_YZ_01_C;[NA]
ALT_DUSTER_A_AX_85_C;SDU-001-C
ALT_DUSTER_B_AX_85_C;SDU-001-H
ALT_DUSTER_P_AX_85_C;SDU-001-C
ALT_DUSTER_A_BR_65_C;SDU-019-C
ALT_DUSTER_B_BR_65_C;SDU-019-H
ALT_DUSTER_B_MU_86_R2;SDU-057-F
ALT_DUSTER_P_BR_65_C;SDU-019-C
ALT_DUSTER_B_LY_90_C;SDU-042-C
ALT_DUSTER_B_LY_90_R1;SDU-042-R
ALT_DUSTER_B_OR_94_R2;SDU-083-F
ALT_DUSTER_B_MU_85_C;SDU-055-H
ALT_DUSTER_B_MU_86_C;SDU-057-C
ALT_DUSTER_B_MU_86_R1;SDU-057-R
ALT_DUSTER_B_NE_04_C;SDU-110-T
ALT_DUSTER_B_OR_97_E;SDU-085-E
ALT_DUSTER_B_YZ_94_E;SDU-101-E
ALT_DUSTERTOP_P_AX_20_R1;SDUTOP-002-R
ALT_DUSTERTOP_P_BR_19_C;SDUTOP-003-C
ALT_DUSTERCB_P_AX_01_C;[NA]
ALT_DUSTERCB_P_BR_01_C;[NA]
ALT_DUSTERCB_P_LY_01_C;[NA]
ALT_DUSTERCB_P_LY_90_R1;SDUCB-011-R
ALT_DUSTERCB_P_MU_01_C;[NA]
ALT_DUSTERCB_P_OR_01_C;[NA]
ALT_DUSTERCB_P_OR_90_C;SDUCB-017-C
ALT_DUSTERCB_P_YZ_01_C;[NA]
ALT_DUSTER_B_OR_101_R2;SDU-090-F
ALT_DUSTER_B_MU_91_R2;SDU-063-F
ALT_DUSTER_B_MU_89_C;SDU-056-C
ALT_DUSTER_B_MU_89_R1;SDU-056-R
ALT_DUSTER_B_MU_91_C;SDU-063-C
ALT_DUSTER_B_MU_91_R1;SDU-063-R
ALT_DUSTER_B_OR_92_R2;SDU-080-F
ALT_DUSTER_B_MU_89_R2;SDU-056-F
ALT_DUSTER_B_OR_85_C;SDU-073-H
ALT_DUSTER_A_OR_85_C;SDU-073-C
ALT_DUSTER_B_OR_92_C;SDU-080-C
ALT_DUSTER_B_OR_92_R1;SDU-080-R
ALT_DUSTER_B_OR_93_C;SDU-082-C
ALT_DUSTER_B_OR_93_R1;SDU-082-R
ALT_DUSTER_B_OR_94_C;SDU-083-C
ALT_DUSTER_B_OR_94_R1;SDU-083-R
ALT_DUSTER_B_OR_101_C;SDU-090-C
ALT_DUSTER_B_OR_101_R1;SDU-090-R
ALT_DUSTER_B_LY_90_R2;SDU-042-F
ALT_DUSTER_B_OR_93_R2;SDU-082-F
ALT_DUSTER_B_YZ_65_C;SDU-091-H
ALT_DUSTER_B_AX_89_C;SDU-005-C
ALT_DUSTER_B_AX_89_R1;SDU-005-R
ALT_DUSTER_B_AX_96_C;SDU-009-C
ALT_DUSTER_B_AX_96_R1;SDU-009-R
ALT_DUSTER_B_AX_97_C;SDU-013-C
ALT_DUSTER_B_AX_97_R1;SDU-013-R
ALT_DUSTER_B_AX_98_R1;SDU-014-R
ALT_DUSTER_B_AX_101_C;SDU-016-C
ALT_DUSTER_B_AX_101_R1;SDU-016-R
ALT_DUSTER_B_BR_95_R2;SDU-025-F
ALT_DUSTER_B_BR_89_R2;SDU-029-F
ALT_DUSTER_B_AX_96_R2;SDU-009-F
ALT_DUSTER_B_BR_88_C;SDU-021-C
ALT_DUSTER_B_BR_88_R1;SDU-021-R
ALT_DUSTER_B_BR_90_C;SDU-023-C
ALT_DUSTER_B_BR_90_R1;SDU-023-R
ALT_DUSTER_B_BR_95_C;SDU-025-C
ALT_DUSTER_B_BR_95_R1;SDU-025-R
ALT_DUSTER_B_BR_89_C;SDU-029-C
ALT_DUSTER_B_BR_89_R1;SDU-029-R
ALT_DUSTER_B_BR_96_C;SDU-032-C
ALT_DUSTER_B_BR_96_R1;SDU-032-R
ALT_DUSTER_B_BR_100_C;SDU-035-C
ALT_DUSTER_B_BR_100_R1;SDU-035-R
ALT_DUSTER_B_AX_97_R2;SDU-013-F
ALT_DUSTER_B_BR_90_R2;SDU-023-F
ALT_DUSTER_B_BR_88_R2;SDU-021-F
ALT_DUSTER_B_BR_96_R2;SDU-032-F
ALT_DUSTER_B_BR_100_R2;SDU-035-F
ALT_DUSTER_B_AX_89_R2;SDU-005-F
ALT_DUSTER_B_AX_98_R2;SDU-014-F
ALT_DUSTER_B_AX_101_R2;SDU-016-F
ALT_DUSTER_B_BR_99_R2;SDU-034-F
ALT_DUSTER_B_YZ_101_R2;SDU-107-F
ALT_DUSTER_B_BR_99_C;SDU-034-C
ALT_DUSTER_B_BR_99_R1;SDU-034-R
ALT_DUSTER_B_LY_93_R2;SDU-044-F
ALT_DUSTER_B_BR_83_C;SDU-109-T
ALT_DUSTER_B_LY_65_C;SDU-037-H
ALT_DUSTER_P_LY_65_C;SDU-037-C
ALT_DUSTER_B_LY_86_C;SDU-038-C
ALT_DUSTER_B_LY_86_R1;SDU-038-R
ALT_DUSTER_B_LY_92_C;SDU-043-C
ALT_DUSTER_B_LY_92_R1;SDU-043-R
ALT_DUSTER_B_LY_93_C;SDU-044-C
ALT_DUSTER_B_LY_93_R1;SDU-044-R
ALT_DUSTER_B_LY_94_C;SDU-045-C
ALT_DUSTER_B_LY_94_R1;SDU-045-R
ALT_DUSTER_B_LY_102_C;SDU-054-C
ALT_DUSTER_B_LY_102_R1;SDU-054-R
ALT_DUSTER_B_YZ_92_R2;SDU-099-F
ALT_DUSTER_B_YZ_99_R2;SDU-105-F
ALT_DUSTER_B_YZ_98_R2;SDU-106-F
ALT_DUSTER_B_LY_86_R2;SDU-038-F
ALT_DUSTER_B_LY_92_R2;SDU-043-F
ALT_DUSTER_P_MU_85_C;SDU-055-C
ALT_DUSTER_B_YZ_86_R2;SDU-094-F
ALT_DUSTER_B_LY_102_R2;SDU-054-F
ALT_DUSTER_P_OR_85_C;SDU-073-C
ALT_DUSTER_B_YZ_88_R2;SDU-092-F
ALT_DUSTER_B_YZ_91_R2;SDU-097-F
ALT_DUSTER_B_OR_31_C;SDU-111-T
ALT_DUSTER_B_LY_94_R2;SDU-045-F
ALT_DUSTER_P_YZ_65_C;SDU-091-C
ALT_DUSTER_B_YZ_88_C;SDU-092-C
ALT_DUSTER_B_YZ_88_R1;SDU-092-R
ALT_DUSTER_B_YZ_86_C;SDU-094-C
ALT_DUSTER_B_YZ_86_R1;SDU-094-R
ALT_DUSTER_B_YZ_91_C;SDU-097-C
ALT_DUSTER_B_YZ_91_R1;SDU-097-R
ALT_DUSTER_B_YZ_92_C;SDU-099-C
ALT_DUSTER_B_YZ_92_R1;SDU-099-R
ALT_DUSTER_B_YZ_99_C;SDU-105-C
ALT_DUSTER_B_YZ_99_R1;SDU-105-R
ALT_DUSTER_B_YZ_98_C;SDU-106-C
ALT_DUSTER_B_YZ_98_R1;SDU-106-R
ALT_DUSTER_B_YZ_101_C;SDU-107-C
ALT_DUSTER_B_YZ_101_R1;SDU-107-R
ALT_DUSTERCB_P_AX_101_R1;SDUCB-003-R
ALT_DUSTERCB_P_BR_89_C;SDUCB-005-C
ALT_DUSTERCB_P_BR_96_C;SDUCB-006-C
ALT_DUSTERCB_P_BR_88_R1;SDUCB-007-R
ALT_DUSTERCB_P_LY_93_C;SDUCB-009-C
ALT_DUSTERCB_P_LY_102_C;SDUCB-010-C
ALT_DUSTERCB_P_MU_86_R1;SDUCB-015-R
ALT_DUSTERCB_P_OR_93_R1;SDUCB-020-R
ALT_DUSTERCB_P_YZ_88_C;SDUCB-021-C
ALT_DUSTERCB_P_YZ_92_C;SDUCB-022-C
ALT_DUSTERCB_P_YZ_98_R1;SDUCB-024-R
ALT_DUSTEROP_A_AX_98_C;SDUOP-014-C
ALT_DUSTEROP_A_AX_98_R1;SDUOP-014-R
ALT_DUSTEROP_B_BR_31_C;SDUOP-022-T
ALT_DUSTER_B_MU_97_R2;SDU-066-F
ALT_DUSTER_B_MU_97_C;SDU-066-C
ALT_DUSTER_B_MU_97_R1;SDU-066-R
ALT_DUSTER_B_OR_87_R2;SDU-078-F
ALT_DUSTER_B_OR_87_C;SDU-078-C
ALT_DUSTER_B_OR_87_R1;SDU-078-R
ALT_DUSTER_B_AX_88_C;SDU-002-C
ALT_DUSTER_B_AX_88_R1;SDU-002-R
ALT_DUSTER_B_AX_87_C;SDU-003-C
ALT_DUSTER_B_AX_87_R1;SDU-003-R
ALT_DUSTER_B_AX_94_C;SDU-004-C
ALT_DUSTER_B_AX_94_R1;SDU-004-R
ALT_DUSTER_B_AX_86_C;SDU-006-C
ALT_DUSTER_B_AX_86_R1;SDU-006-R
ALT_DUSTER_B_AX_91_C;SDU-007-C
ALT_DUSTER_B_AX_91_R1;SDU-007-R
ALT_DUSTER_B_AX_93_C;SDU-008-C
ALT_DUSTER_B_AX_93_R1;SDU-008-R
ALT_DUSTER_B_AX_92_C;SDU-010-C
ALT_DUSTER_B_AX_92_R1;SDU-010-R
ALT_DUSTER_B_AX_90_C;SDU-012-C
ALT_DUSTER_B_AX_90_R1;SDU-012-R
ALT_DUSTER_B_AX_98_C;SDU-014-C
ALT_DUSTER_B_AX_99_C;SDU-015-C
ALT_DUSTER_B_AX_99_R1;SDU-015-R
ALT_DUSTER_B_AX_100_C;SDU-017-C
ALT_DUSTER_B_AX_100_R1;SDU-017-R
ALT_DUSTER_B_AX_102_C;SDU-018-C
ALT_DUSTER_B_AX_102_R1;SDU-018-R
ALT_DUSTER_B_BR_93_R2;SDU-022-F
ALT_DUSTER_B_BR_91_R2;SDU-026-F
ALT_DUSTER_B_BR_102_R2;SDU-036-F
ALT_DUSTER_B_OR_90_R2;SDU-077-F
ALT_DUSTER_B_OR_86_R2;SDU-081-F
ALT_DUSTER_B_OR_96_R2;SDU-084-F
ALT_DUSTER_B_OR_102_R2;SDU-089-F
ALT_DUSTER_B_YZ_96_R2;SDU-095-F
ALT_DUSTER_B_YZ_87_R2;SDU-096-F
ALT_DUSTER_B_YZ_100_R2;SDU-104-F
ALT_DUSTER_B_AX_88_R2;SDU-002-F
ALT_DUSTER_B_AX_93_R2;SDU-008-F
ALT_DUSTER_B_AX_90_R2;SDU-012-F
ALT_DUSTER_B_AX_99_R2;SDU-015-F
ALT_DUSTER_B_BR_86_C;SDU-020-C
ALT_DUSTER_B_BR_86_R1;SDU-020-R
ALT_DUSTER_B_BR_93_C;SDU-022-C
ALT_DUSTER_B_BR_93_R1;SDU-022-R
ALT_DUSTER_B_BR_87_C;SDU-024-C
ALT_DUSTER_B_BR_87_R1;SDU-024-R
ALT_DUSTER_B_BR_91_C;SDU-026-C
ALT_DUSTER_B_BR_91_R1;SDU-026-R
ALT_DUSTER_B_BR_92_C;SDU-027-C
ALT_DUSTER_B_BR_92_R1;SDU-027-R
ALT_DUSTER_B_BR_97_C;SDU-028-C
ALT_DUSTER_B_BR_97_R1;SDU-028-R
ALT_DUSTER_B_BR_101_C;SDU-030-C
ALT_DUSTER_B_BR_101_R1;SDU-030-R
ALT_DUSTER_B_BR_94_C;SDU-031-C
ALT_DUSTER_B_BR_94_R1;SDU-031-R
ALT_DUSTER_B_BR_102_C;SDU-036-C
ALT_DUSTER_B_BR_102_R1;SDU-036-R
ALT_DUSTER_B_LY_97_R2;SDU-049-F
ALT_DUSTER_B_MU_88_R2;SDU-060-F
ALT_DUSTER_B_MU_93_R2;SDU-061-F
ALT_DUSTER_B_MU_99_R2;SDU-068-F
ALT_DUSTER_B_OR_95_R2;SDU-074-F
ALT_DUSTER_B_YZ_97_R2;SDU-102-F
ALT_DUSTER_B_YZ_95_R2;SDU-103-F
ALT_DUSTER_B_BR_86_R2;SDU-020-F
ALT_DUSTER_B_BR_87_R2;SDU-024-F
ALT_DUSTER_B_LY_87_C;SDU-039-C
ALT_DUSTER_B_LY_87_R1;SDU-039-R
ALT_DUSTER_B_LY_88_C;SDU-040-C
ALT_DUSTER_B_LY_88_R1;SDU-040-R
ALT_DUSTER_B_LY_89_C;SDU-041-C
ALT_DUSTER_B_LY_89_R1;SDU-041-R
ALT_DUSTER_B_LY_91_C;SDU-046-C
ALT_DUSTER_B_LY_91_R1;SDU-046-R
ALT_DUSTER_B_LY_96_C;SDU-047-C
ALT_DUSTER_B_LY_96_R1;SDU-047-R
ALT_DUSTER_B_LY_95_C;SDU-048-C
ALT_DUSTER_B_LY_95_R1;SDU-048-R
ALT_DUSTER_B_LY_97_C;SDU-049-C
ALT_DUSTER_B_LY_97_R1;SDU-049-R
ALT_DUSTER_B_LY_99_C;SDU-051-C
ALT_DUSTER_B_LY_99_R1;SDU-051-R
ALT_DUSTER_B_LY_100_C;SDU-052-C
ALT_DUSTER_B_LY_100_R1;SDU-052-R
ALT_DUSTER_B_LY_101_C;SDU-053-C
ALT_DUSTER_B_LY_101_R1;SDU-053-R
ALT_DUSTER_B_MU_94_R2;SDU-058-F
ALT_DUSTER_B_MU_90_R2;SDU-064-F
ALT_DUSTER_B_MU_95_R2;SDU-065-F
ALT_DUSTER_B_MU_98_R2;SDU-069-F
ALT_DUSTER_B_MU_101_R2;SDU-071-F
ALT_DUSTER_B_OR_88_R2;SDU-075-F
ALT_DUSTER_B_OR_98_R2;SDU-086-F
ALT_DUSTER_B_YZ_89_R2;SDU-093-F
ALT_DUSTER_B_BR_92_R2;SDU-027-F
ALT_DUSTER_B_BR_101_R2;SDU-030-F
ALT_DUSTER_B_LY_87_R2;SDU-039-F
ALT_DUSTER_B_LY_96_R2;SDU-047-F
ALT_DUSTER_B_LY_95_R2;SDU-048-F
ALT_DUSTER_B_MU_94_C;SDU-058-C
ALT_DUSTER_B_MU_94_R1;SDU-058-R
ALT_DUSTER_B_MU_87_C;SDU-059-C
ALT_DUSTER_B_MU_87_R1;SDU-059-R
ALT_DUSTER_B_MU_88_C;SDU-060-C
ALT_DUSTER_B_MU_88_R1;SDU-060-R
ALT_DUSTER_B_MU_93_C;SDU-061-C
ALT_DUSTER_B_MU_93_R1;SDU-061-R
ALT_DUSTER_B_MU_92_C;SDU-062-C
ALT_DUSTER_B_MU_92_R1;SDU-062-R
ALT_DUSTER_B_MU_90_C;SDU-064-C
ALT_DUSTER_B_MU_90_R1;SDU-064-R
ALT_DUSTER_B_MU_95_C;SDU-065-C
ALT_DUSTER_B_MU_95_R1;SDU-065-R
ALT_DUSTER_B_MU_99_C;SDU-068-C
ALT_DUSTER_B_MU_99_R1;SDU-068-R
ALT_DUSTER_B_MU_98_C;SDU-069-C
ALT_DUSTER_B_MU_98_R1;SDU-069-R
ALT_DUSTER_B_MU_100_C;SDU-070-C
ALT_DUSTER_B_MU_100_R1;SDU-070-R
ALT_DUSTER_B_MU_101_C;SDU-071-C
ALT_DUSTER_B_MU_101_R1;SDU-071-R
ALT_DUSTER_B_MU_102_C;SDU-072-C
ALT_DUSTER_B_MU_102_R1;SDU-072-R
ALT_DUSTER_B_YZ_90_R2;SDU-098-F
ALT_DUSTER_B_YZ_93_R2;SDU-100-F
ALT_DUSTER_B_YZ_102_R2;SDU-108-F
ALT_DUSTER_B_AX_87_R2;SDU-003-F
ALT_DUSTER_B_AX_94_R2;SDU-004-F
ALT_DUSTER_B_AX_91_R2;SDU-007-F
ALT_DUSTER_B_AX_102_R2;SDU-018-F
ALT_DUSTER_B_LY_88_R2;SDU-040-F
ALT_DUSTER_B_LY_99_R2;SDU-051-F
ALT_DUSTER_B_LY_101_R2;SDU-053-F
ALT_DUSTER_B_MU_87_R2;SDU-059-F
ALT_DUSTER_B_MU_92_R2;SDU-062-F
ALT_DUSTER_B_MU_100_R2;SDU-070-F
ALT_DUSTER_B_MU_102_R2;SDU-072-F
ALT_DUSTER_B_OR_95_C;SDU-074-C
ALT_DUSTER_B_OR_95_R1;SDU-074-R
ALT_DUSTER_B_OR_88_C;SDU-075-C
ALT_DUSTER_B_OR_88_R1;SDU-075-R
ALT_DUSTER_B_OR_89_C;SDU-076-C
ALT_DUSTER_B_OR_89_R1;SDU-076-R
ALT_DUSTER_B_OR_90_C;SDU-077-C
ALT_DUSTER_B_OR_90_R1;SDU-077-R
ALT_DUSTER_B_OR_91_C;SDU-079-C
ALT_DUSTER_B_OR_91_R1;SDU-079-R
ALT_DUSTER_B_OR_86_C;SDU-081-C
ALT_DUSTER_B_OR_86_R1;SDU-081-R
ALT_DUSTER_B_OR_96_C;SDU-084-C
ALT_DUSTER_B_OR_96_R1;SDU-084-R
ALT_DUSTER_B_OR_98_C;SDU-086-C
ALT_DUSTER_B_OR_98_R1;SDU-086-R
ALT_DUSTER_B_OR_99_C;SDU-087-C
ALT_DUSTER_B_OR_99_R1;SDU-087-R
ALT_DUSTER_B_OR_100_C;SDU-088-C
ALT_DUSTER_B_OR_100_R1;SDU-088-R
ALT_DUSTER_B_OR_102_C;SDU-089-C
ALT_DUSTER_B_OR_102_R1;SDU-089-R
ALT_DUSTER_B_AX_86_R2;SDU-006-F
ALT_DUSTER_B_AX_92_R2;SDU-010-F
ALT_DUSTER_B_AX_100_R2;SDU-017-F
ALT_DUSTER_B_BR_97_R2;SDU-028-F
ALT_DUSTER_B_LY_89_R2;SDU-041-F
ALT_DUSTER_B_LY_91_R2;SDU-046-F
ALT_DUSTER_B_LY_100_R2;SDU-052-F
ALT_DUSTER_B_OR_89_R2;SDU-076-F
ALT_DUSTER_B_OR_91_R2;SDU-079-F
ALT_DUSTER_B_OR_99_R2;SDU-087-F
ALT_DUSTER_B_OR_100_R2;SDU-088-F
ALT_DUSTER_B_YZ_89_C;SDU-093-C
ALT_DUSTER_B_YZ_89_R1;SDU-093-R
ALT_DUSTER_B_YZ_96_C;SDU-095-C
ALT_DUSTER_B_YZ_96_R1;SDU-095-R
ALT_DUSTER_B_YZ_87_C;SDU-096-C
ALT_DUSTER_B_YZ_87_R1;SDU-096-R
ALT_DUSTER_B_YZ_90_C;SDU-098-C
ALT_DUSTER_B_YZ_90_R1;SDU-098-R
ALT_DUSTER_B_YZ_93_C;SDU-100-C
ALT_DUSTER_B_YZ_93_R1;SDU-100-R
ALT_DUSTER_B_YZ_97_C;SDU-102-C
ALT_DUSTER_B_YZ_97_R1;SDU-102-R
ALT_DUSTER_B_YZ_95_C;SDU-103-C
ALT_DUSTER_B_YZ_95_R1;SDU-103-R
ALT_DUSTER_B_YZ_100_C;SDU-104-C
ALT_DUSTER_B_YZ_100_R1;SDU-104-R
ALT_DUSTER_B_YZ_102_C;SDU-108-C
ALT_DUSTER_B_YZ_102_R1;SDU-108-R
ALT_DUSTER_B_YZ_47_C;SDU-112-T
ALT_DUSTER_B_BR_94_R2;SDU-031-F
ALT_DUSTER_B_AX_95_E;SDU-011-E
ALT_DUSTER_A_BR_98_E;SDU-033-E
ALT_DUSTER_B_BR_98_E;SDU-033-E
ALT_DUSTER_B_LY_98_E;SDU-050-E
ALT_DUSTER_B_MU_96_E;SDU-067-E
ALT_DUSTER_A_OR_97_E;SDU-085-E
ALT_DUSTER_A_YZ_94_E;SDU-101-E
ALT_EOLE_B_AX_65_C;ROC-001-H
ALT_EOLE_A_AX_65_C;ROC-A-001-H
ALT_EOLE_P_AX_65_C;ROC-X-001-C
ALT_EOLE_B_BR_105_C;ROC-019-H
ALT_EOLE_B_BR_114_R1;ROC-030-R
ALT_EOLE_B_BR_116_E;ROC-031-E
ALT_EOLE_B_BR_118_C;ROC-036-C
ALT_EOLE_A_BR_105_C;ROC-A-019-H
ALT_EOLE_A_BR_114_R1;ROC-V-030-R
ALT_EOLE_P_BR_105_C;ROC-X-019-C
ALT_EOLE_B_LY_105_C;ROC-037-H
ALT_EOLE_B_LY_107_C;ROC-039-C
ALT_EOLE_B_LY_109_C;ROC-040-C
ALT_EOLE_B_LY_115_C;ROC-050-C
ALT_EOLE_B_MU_115_E;ROC-069-E
ALT_EOLE_B_YZ_105_C;ROC-094-H
ALT_EOLE_B_YZ_108_C;ROC-099-C
ALT_EOLE_B_YZ_120_C;ROC-102-C
ALT_EOLE_B_YZ_122_E;ROC-110-E
ALT_EOLE_B_AX_106_C;ROC-002-C
ALT_EOLE_B_AX_106_R1;ROC-002-R
ALT_EOLE_B_AX_110_C;ROC-003-C
ALT_EOLE_B_AX_110_R1;ROC-003-R
ALT_EOLE_B_AX_108_C;ROC-004-C
ALT_EOLE_B_AX_108_R1;ROC-004-R
ALT_EOLE_B_AX_109_C;ROC-005-C
ALT_EOLE_B_AX_109_R1;ROC-005-R
ALT_EOLE_B_AX_107_C;ROC-006-C
ALT_EOLE_B_AX_107_R1;ROC-006-R
ALT_EOLE_B_AX_111_C;ROC-007-C
ALT_EOLE_B_AX_111_R1;ROC-007-R
ALT_EOLE_B_AX_114_C;ROC-008-C
ALT_EOLE_B_AX_114_R1;ROC-008-R
ALT_EOLE_B_AX_122_C;ROC-009-C
ALT_EOLE_B_AX_122_R1;ROC-009-R
ALT_EOLE_B_AX_112_C;ROC-010-C
ALT_EOLE_B_AX_112_R1;ROC-010-R
ALT_EOLE_B_AX_113_C;ROC-011-C
ALT_EOLE_B_AX_113_R1;ROC-011-R
ALT_EOLE_B_AX_116_C;ROC-012-C
ALT_EOLE_B_AX_116_R1;ROC-012-R
ALT_EOLE_B_AX_115_C;ROC-013-C
ALT_EOLE_B_AX_115_R1;ROC-013-R
ALT_EOLE_B_AX_117_E;ROC-014-E
ALT_EOLE_B_AX_119_C;ROC-015-C
ALT_EOLE_B_AX_119_R1;ROC-015-R
ALT_EOLE_B_AX_118_C;ROC-016-C
ALT_EOLE_B_AX_118_R1;ROC-016-R
ALT_EOLE_B_AX_120_E;ROC-017-E
ALT_EOLE_B_AX_121_C;ROC-018-C
ALT_EOLE_B_AX_121_R1;ROC-018-R
ALT_EOLE_B_BR_108_R2;ROC-026-F
ALT_EOLE_B_BR_111_R2;ROC-028-F
ALT_EOLE_B_BR_119_R2;ROC-032-F
ALT_EOLE_B_LY_107_R2;ROC-039-F
ALT_EOLE_B_LY_109_R2;ROC-040-F
ALT_EOLE_B_LY_120_R2;ROC-052-F
ALT_EOLE_B_LY_121_R2;ROC-054-F
ALT_EOLE_B_MU_112_R2;ROC-062-F
ALT_EOLE_B_MU_118_R2;ROC-070-F
ALT_EOLE_B_OR_118_R2;ROC-088-F
ALT_EOLE_B_OR_119_R2;ROC-093-F
ALT_EOLE_B_YZ_111_R2;ROC-097-F
ALT_EOLE_B_YZ_112_R2;ROC-100-F
ALT_EOLE_B_YZ_115_R2;ROC-106-F
ALT_EOLE_B_YZ_121_R2;ROC-112-F
ALT_EOLE_A_AX_116_R1;ROC-V-012-R
ALT_EOLE_B_AX_109_R2;ROC-005-F
ALT_EOLE_B_AX_122_R2;ROC-009-F
ALT_EOLE_B_AX_112_R2;ROC-010-F
ALT_EOLE_B_AX_115_R2;ROC-013-F
ALT_EOLE_B_AX_118_R2;ROC-016-F
ALT_EOLE_B_AX_121_R2;ROC-018-F
ALT_EOLE_B_BR_106_C;ROC-020-C
ALT_EOLE_B_BR_106_R1;ROC-020-R
ALT_EOLE_B_BR_110_C;ROC-021-C
ALT_EOLE_B_BR_110_R1;ROC-021-R
ALT_EOLE_B_BR_112_C;ROC-022-C
ALT_EOLE_B_BR_112_R1;ROC-022-R
ALT_EOLE_B_BR_107_C;ROC-023-C
ALT_EOLE_B_BR_107_R1;ROC-023-R
ALT_EOLE_B_BR_109_C;ROC-024-C
ALT_EOLE_B_BR_109_R1;ROC-024-R
ALT_EOLE_B_BR_115_C;ROC-025-C
ALT_EOLE_B_BR_115_R1;ROC-025-R
ALT_EOLE_B_BR_108_C;ROC-026-C
ALT_EOLE_B_BR_108_R1;ROC-026-R
ALT_EOLE_B_BR_117_C;ROC-027-C
ALT_EOLE_B_BR_117_R1;ROC-027-R
ALT_EOLE_B_BR_111_C;ROC-028-C
ALT_EOLE_B_BR_111_R1;ROC-028-R
ALT_EOLE_B_BR_113_C;ROC-029-C
ALT_EOLE_B_BR_113_R1;ROC-029-R
ALT_EOLE_B_BR_114_C;ROC-030-C
ALT_EOLE_B_BR_119_C;ROC-032-C
ALT_EOLE_B_BR_119_R1;ROC-032-R
ALT_EOLE_B_BR_122_E;ROC-033-E
ALT_EOLE_B_BR_120_C;ROC-034-C
ALT_EOLE_B_BR_120_R1;ROC-034-R
ALT_EOLE_B_BR_121_C;ROC-035-C
ALT_EOLE_B_BR_121_R1;ROC-035-R
ALT_EOLE_B_BR_118_R1;ROC-036-R
ALT_EOLE_B_LY_119_R2;ROC-038-F
ALT_EOLE_B_LY_114_R2;ROC-049-F
ALT_EOLE_B_MU_106_R2;ROC-057-F
ALT_EOLE_B_MU_110_R2;ROC-061-F
ALT_EOLE_B_MU_116_R2;ROC-066-F
ALT_EOLE_B_MU_122_R2;ROC-073-F
ALT_EOLE_B_YZ_108_R2;ROC-099-F
ALT_EOLE_B_YZ_109_R2;ROC-101-F
ALT_EOLE_B_YZ_120_R2;ROC-102-F
ALT_EOLE_B_BR_123_C;ROC-113-T
ALT_EOLE_B_AX_106_R2;ROC-002-F
ALT_EOLE_B_AX_108_R2;ROC-004-F
ALT_EOLE_B_AX_114_R2;ROC-008-F
ALT_EOLE_B_BR_112_R2;ROC-022-F
ALT_EOLE_B_BR_120_R2;ROC-034-F
ALT_EOLE_B_LY_119_C;ROC-038-C
ALT_EOLE_B_LY_119_R1;ROC-038-R
ALT_EOLE_B_LY_107_R1;ROC-039-R
ALT_EOLE_B_LY_109_R1;ROC-040-R
ALT_EOLE_B_LY_112_C;ROC-041-C
ALT_EOLE_B_LY_112_R1;ROC-041-R
ALT_EOLE_B_LY_113_C;ROC-042-C
ALT_EOLE_B_LY_113_R1;ROC-042-R
ALT_EOLE_B_LY_108_C;ROC-043-C
ALT_EOLE_B_LY_108_R1;ROC-043-R
ALT_EOLE_B_LY_110_C;ROC-044-C
ALT_EOLE_B_LY_110_R1;ROC-044-R
ALT_EOLE_B_LY_111_C;ROC-045-C
ALT_EOLE_B_LY_111_R1;ROC-045-R
ALT_EOLE_B_LY_106_C;ROC-046-C
ALT_EOLE_B_LY_106_R1;ROC-046-R
ALT_EOLE_B_LY_116_C;ROC-047-C
ALT_EOLE_B_LY_116_R1;ROC-047-R
ALT_EOLE_B_LY_117_E;ROC-048-E
ALT_EOLE_B_LY_114_C;ROC-049-C
ALT_EOLE_B_LY_114_R1;ROC-049-R
ALT_EOLE_B_LY_115_R1;ROC-050-R
ALT_EOLE_B_LY_118_C;ROC-051-C
ALT_EOLE_B_LY_118_R1;ROC-051-R
ALT_EOLE_B_LY_120_C;ROC-052-C
ALT_EOLE_B_LY_120_R1;ROC-052-R
ALT_EOLE_B_LY_122_E;ROC-053-E
ALT_EOLE_B_LY_121_C;ROC-054-C
ALT_EOLE_B_LY_121_R1;ROC-054-R
ALT_EOLE_B_MU_107_R2;ROC-059-F
ALT_EOLE_B_MU_120_R2;ROC-063-F
ALT_EOLE_B_MU_113_R2;ROC-064-F
ALT_EOLE_B_MU_111_R2;ROC-065-F
ALT_EOLE_B_MU_119_R2;ROC-071-F
ALT_EOLE_B_OR_108_R2;ROC-076-F
ALT_EOLE_B_OR_106_R2;ROC-077-F
ALT_EOLE_B_YZ_106_R2;ROC-095-F
ALT_EOLE_B_YZ_118_R2;ROC-098-F
ALT_EOLE_B_YZ_113_R2;ROC-107-F
ALT_EOLE_A_LY_105_C;ROC-A-37-H
ALT_EOLE_A_LY_115_R1;ROC-V-050-R
ALT_EOLE_B_BR_106_R2;ROC-020-F
ALT_EOLE_B_BR_107_R2;ROC-023-F
ALT_EOLE_B_BR_121_R2;ROC-035-F
ALT_EOLE_B_LY_113_R2;ROC-042-F
ALT_EOLE_B_LY_106_R2;ROC-046-F
ALT_EOLE_B_LY_115_R2;ROC-050-F
ALT_EOLE_B_LY_118_R2;ROC-051-F
ALT_EOLE_B_MU_65_C;ROC-056-H
ALT_EOLE_B_MU_106_C;ROC-057-C
ALT_EOLE_B_MU_106_R1;ROC-057-R
ALT_EOLE_B_MU_108_C;ROC-058-C
ALT_EOLE_B_MU_108_R1;ROC-058-R
ALT_EOLE_B_MU_107_C;ROC-059-C
ALT_EOLE_B_MU_107_R1;ROC-059-R
ALT_EOLE_B_MU_109_C;ROC-060-C
ALT_EOLE_B_MU_109_R1;ROC-060-R
ALT_EOLE_B_MU_110_C;ROC-061-C
ALT_EOLE_B_MU_110_R1;ROC-061-R
ALT_EOLE_B_MU_112_C;ROC-062-C
ALT_EOLE_B_MU_112_R1;ROC-062-R
ALT_EOLE_B_MU_120_C;ROC-063-C
ALT_EOLE_B_MU_120_R1;ROC-063-R
ALT_EOLE_B_MU_113_C;ROC-064-C
ALT_EOLE_B_MU_113_R1;ROC-064-R
ALT_EOLE_B_MU_111_C;ROC-065-C
ALT_EOLE_B_MU_111_R1;ROC-065-R
ALT_EOLE_B_MU_116_C;ROC-066-C
ALT_EOLE_B_MU_116_R1;ROC-066-R
ALT_EOLE_B_MU_114_C;ROC-067-C
ALT_EOLE_B_MU_114_R1;ROC-067-R
ALT_EOLE_B_MU_117_C;ROC-068-C
ALT_EOLE_B_MU_117_R1;ROC-068-R
ALT_EOLE_B_MU_118_C;ROC-070-C
ALT_EOLE_B_MU_118_R1;ROC-070-R
ALT_EOLE_B_MU_119_C;ROC-071-C
ALT_EOLE_B_MU_119_R1;ROC-071-R
ALT_EOLE_B_MU_121_E;ROC-072-E
ALT_EOLE_B_MU_122_C;ROC-073-C
ALT_EOLE_B_MU_122_R1;ROC-073-R
ALT_EOLE_B_OR_111_R2;ROC-079-F
ALT_EOLE_B_OR_107_R2;ROC-080-F
ALT_EOLE_B_OR_109_R2;ROC-083-F
ALT_EOLE_B_OR_114_R2;ROC-084-F
ALT_EOLE_B_OR_116_R2;ROC-086-F
ALT_EOLE_B_OR_115_R2;ROC-087-F
ALT_EOLE_B_YZ_107_R2;ROC-096-F
ALT_EOLE_B_YZ_110_R2;ROC-103-F
ALT_EOLE_B_MU_83_C;ROC-114-T
ALT_EOLE_A_MU_65_C;ROC-A-055-H
ALT_EOLE_A_MU_117_R1;ROC-V-068-R
ALT_EOLE_B_AX_110_R2;ROC-003-F
ALT_EOLE_B_AX_107_R2;ROC-006-F
ALT_EOLE_B_AX_113_R2;ROC-011-F
ALT_EOLE_B_AX_119_R2;ROC-015-F
ALT_EOLE_B_BR_110_R2;ROC-021-F
ALT_EOLE_B_BR_109_R2;ROC-024-F
ALT_EOLE_B_BR_115_R2;ROC-025-F
ALT_EOLE_B_BR_118_R2;ROC-036-F
ALT_EOLE_B_LY_112_R2;ROC-041-F
ALT_EOLE_B_LY_108_R2;ROC-043-F
ALT_EOLE_B_LY_110_R2;ROC-044-F
ALT_EOLE_B_MU_117_R2;ROC-068-F
ALT_EOLE_B_OR_65_C;ROC-075-H
ALT_EOLE_B_OR_108_C;ROC-076-C
ALT_EOLE_B_OR_108_R1;ROC-076-R
ALT_EOLE_B_OR_106_C;ROC-077-C
ALT_EOLE_B_OR_106_R1;ROC-077-R
ALT_EOLE_B_OR_112_C;ROC-078-C
ALT_EOLE_B_OR_112_R1;ROC-078-R
ALT_EOLE_B_OR_111_C;ROC-079-C
ALT_EOLE_B_OR_111_R1;ROC-079-R
ALT_EOLE_B_OR_107_C;ROC-080-C
ALT_EOLE_B_OR_107_R1;ROC-080-R
ALT_EOLE_B_OR_110_C;ROC-081-C
ALT_EOLE_B_OR_110_R1;ROC-081-R
ALT_EOLE_B_OR_113_C;ROC-082-C
ALT_EOLE_B_OR_113_R1;ROC-082-R
ALT_EOLE_B_OR_109_C;ROC-083-C
ALT_EOLE_B_OR_109_R1;ROC-083-R
ALT_EOLE_B_OR_114_C;ROC-084-C
ALT_EOLE_B_OR_114_R1;ROC-084-R
ALT_EOLE_B_OR_117_E;ROC-085-E
ALT_EOLE_B_OR_116_C;ROC-086-C
ALT_EOLE_B_OR_116_R1;ROC-086-R
ALT_EOLE_B_OR_115_C;ROC-087-C
ALT_EOLE_B_OR_115_R1;ROC-087-R
ALT_EOLE_B_OR_118_C;ROC-088-C
ALT_EOLE_B_OR_118_R1;ROC-088-R
ALT_EOLE_B_OR_120_C;ROC-089-C
ALT_EOLE_B_OR_120_R1;ROC-089-R
ALT_EOLE_B_OR_122_E;ROC-090-E
ALT_EOLE_B_OR_121_C;ROC-092-C
ALT_EOLE_B_OR_121_R1;ROC-092-R
ALT_EOLE_B_OR_119_C;ROC-093-C
ALT_EOLE_B_OR_119_R1;ROC-093-R
ALT_EOLE_B_YZ_114_R2;ROC-104-F
ALT_EOLE_B_YZ_119_R2;ROC-108-F
ALT_EOLE_B_YZ_117_R2;ROC-109-F
ALT_EOLE_B_OR_31_C;ROC-116-T
ALT_EOLE_A_OR_65_C;ROC-A-075-H
ALT_EOLE_A_OR_116_R1;ROC-V-086-R
ALT_EOLE_B_AX_111_R2;ROC-007-F
ALT_EOLE_B_AX_116_R2;ROC-012-F
ALT_EOLE_B_BR_117_R2;ROC-027-F
ALT_EOLE_B_BR_113_R2;ROC-029-F
ALT_EOLE_B_BR_114_R2;ROC-030-F
ALT_EOLE_B_LY_111_R2;ROC-045-F
ALT_EOLE_B_LY_116_R2;ROC-047-F
ALT_EOLE_B_MU_108_R2;ROC-058-F
ALT_EOLE_B_MU_109_R2;ROC-060-F
ALT_EOLE_B_MU_114_R2;ROC-067-F
ALT_EOLE_B_OR_112_R2;ROC-078-F
ALT_EOLE_B_OR_110_R2;ROC-081-F
ALT_EOLE_B_OR_113_R2;ROC-082-F
ALT_EOLE_B_OR_120_R2;ROC-089-F
ALT_EOLE_B_OR_121_R2;ROC-092-F
ALT_EOLE_B_YZ_106_C;ROC-095-C
ALT_EOLE_B_YZ_106_R1;ROC-095-R
ALT_EOLE_B_YZ_107_C;ROC-096-C
ALT_EOLE_B_YZ_107_R1;ROC-096-R
ALT_EOLE_B_YZ_111_C;ROC-097-C
ALT_EOLE_B_YZ_111_R1;ROC-097-R
ALT_EOLE_B_YZ_118_C;ROC-098-C
ALT_EOLE_B_YZ_118_R1;ROC-098-R
ALT_EOLE_B_YZ_108_R1;ROC-099-R
ALT_EOLE_B_YZ_112_C;ROC-100-C
ALT_EOLE_B_YZ_112_R1;ROC-100-R
ALT_EOLE_B_YZ_109_C;ROC-101-C
ALT_EOLE_B_YZ_109_R1;ROC-101-R
ALT_EOLE_B_YZ_120_R1;ROC-102-R
ALT_EOLE_B_YZ_110_C;ROC-103-C
ALT_EOLE_B_YZ_110_R1;ROC-103-R
ALT_EOLE_B_YZ_114_C;ROC-104-C
ALT_EOLE_B_YZ_114_R1;ROC-104-R
ALT_EOLE_B_YZ_116_E;ROC-105-E
ALT_EOLE_B_YZ_115_C;ROC-106-C
ALT_EOLE_B_YZ_115_R1;ROC-106-R
ALT_EOLE_B_YZ_113_C;ROC-107-C
ALT_EOLE_B_YZ_113_R1;ROC-107-R
ALT_EOLE_B_YZ_119_C;ROC-108-C
ALT_EOLE_B_YZ_119_R1;ROC-108-T
ALT_EOLE_B_YZ_117_C;ROC-109-C
ALT_EOLE_B_YZ_117_R1;ROC-109-R
ALT_EOLE_B_YZ_121_C;ROC-112-C
ALT_EOLE_B_YZ_121_R1;ROC-112-R
ALT_EOLE_B_YZ_47_C;ROC-117-T
ALT_EOLE_A_YZ_105_C;ROC-A-094-H
ALT_EOLE_A_YZ_115_R1;ROC-V-106-R
ALT_EOLE_B_NE_03_C;ROC-115-T
ALT_CYCLONE_A_AX_76_C;SKY-011-C
ALT_CYCLONE_A_AX_76_R1;SKY-011-R
ALT_CYCLONE_A_LY_78_R2;SKY-050-F
ALT_CYCLONE_A_BR_79_C;SKY-033-C
ALT_CYCLONE_A_BR_79_R1;SKY-033-R
ALT_CYCLONE_A_YZ_76_R2;SKY-102-F
ALT_CYCLONE_A_LY_78_C;SKY-050-C
ALT_CYCLONE_A_LY_78_R1;SKY-050-R
ALT_CYCLONE_A_MU_79_R2;SKY-069-F
ALT_CYCLONE_A_MU_79_C;SKY-069-C
ALT_CYCLONE_A_MU_79_R1;SKY-069-R
ALT_CYCLONE_A_OR_78_R2;SKY-086-F
ALT_CYCLONE_A_AX_76_R2;SKY-011-F
ALT_CYCLONE_A_OR_78_C;SKY-086-C
ALT_CYCLONE_A_OR_78_R1;SKY-086-R
ALT_CYCLONE_A_BR_79_R2;SKY-033-F
ALT_CYCLONE_A_YZ_76_C;SKY-102-C
ALT_CYCLONE_A_YZ_76_R1;SKY-102-R
ALT_DUSTER_A_AX_95_E;SDU-011-E
ALT_DUSTER_A_LY_65_C;SDU-037-C
ALT_DUSTER_A_LY_98_E;SDU-050-E
ALT_DUSTER_A_MU_85_C;SDU-055-C
ALT_DUSTER_A_MU_96_E;SDU-067-E
ALT_DUSTER_A_YZ_65_C;SDU-091-C
ALT_DUSTERCB_P_BR_98_E;SDUCB-026-E
ALT_DUSTERCB_P_OR_97_E;SDUCB-029-E
ALT_DUSTERCB_P_YZ_94_E;SDUCB-030-E
ALT_DUSTERCB_P_AX_87_C;SDUCB-001-C
ALT_DUSTERCB_P_AX_91_C;SDUCB-002-C
ALT_DUSTERCB_P_AX_100_R1;SDUCB-004-R
ALT_DUSTERCB_P_AX_95_E;SDUCB-025-E
ALT_DUSTERCB_P_AX_85_C_XXX;SDUCB-037-C
ALT_DUSTERCB_P_AX_85_C_001;SDUCB-037-C
ALT_DUSTERCB_P_AX_85_C_002;SDUCB-037-C
ALT_DUSTERCB_P_AX_85_C_003;SDUCB-037-C
ALT_DUSTERCB_P_AX_85_C_004;SDUCB-037-C
ALT_DUSTERCB_P_AX_85_C_005;SDUCB-037-C
ALT_DUSTERCB_P_AX_85_C_006;SDUCB-037-C
ALT_DUSTERCB_P_AX_85_C_007;SDUCB-037-C
ALT_DUSTERCB_P_AX_85_C_008;SDUCB-037-C
ALT_DUSTERCB_P_AX_85_C_009;SDUCB-037-C
ALT_DUSTERCB_P_AX_85_C_010;SDUCB-037-C
ALT_DUSTERCB_P_AX_85_C_011;SDUCB-037-C
ALT_DUSTERCB_P_AX_85_C_012;SDUCB-037-C
ALT_DUSTERCB_P_AX_85_C_013;SDUCB-037-C
ALT_DUSTERCB_P_AX_85_C_014;SDUCB-037-C
ALT_DUSTERCB_P_AX_85_C_015;SDUCB-037-C
ALT_DUSTERCB_P_AX_85_C_016;SDUCB-037-C
ALT_DUSTERCB_P_AX_85_C_017;SDUCB-037-C
ALT_DUSTERCB_P_AX_85_C_018;SDUCB-037-C
ALT_DUSTERCB_P_AX_85_C_019;SDUCB-037-C
ALT_DUSTERCB_P_AX_85_C_020;SDUCB-037-C
ALT_DUSTERCB_P_AX_85_C_021;SDUCB-037-C
ALT_DUSTERCB_P_AX_85_C_022;SDUCB-037-C
ALT_DUSTERCB_P_AX_85_C_023;SDUCB-037-C
ALT_DUSTERCB_P_AX_85_C_024;SDUCB-037-C
ALT_DUSTERCB_P_AX_85_C_025;SDUCB-037-C
ALT_DUSTERCB_P_AX_85_C_026;SDUCB-037-C
ALT_DUSTERCB_P_AX_85_C_027;SDUCB-037-C
ALT_DUSTERCB_P_AX_85_C_028;SDUCB-037-C
ALT_DUSTERCB_P_AX_85_C_029;SDUCB-037-C
ALT_DUSTERCB_P_AX_85_C_030;SDUCB-037-C
ALT_DUSTERCB_P_BR_91_R1;SDUCB-008-R
ALT_DUSTERCB_P_BR_65_C_XXX;SDUCB-038-C
ALT_DUSTERCB_P_BR_65_C_001;SDUCB-038-C
ALT_DUSTERCB_P_BR_65_C_002;SDUCB-038-C
ALT_DUSTERCB_P_BR_65_C_003;SDUCB-038-C
ALT_DUSTERCB_P_BR_65_C_004;SDUCB-038-C
ALT_DUSTERCB_P_BR_65_C_005;SDUCB-038-C
ALT_DUSTERCB_P_BR_65_C_006;SDUCB-038-C
ALT_DUSTERCB_P_BR_65_C_007;SDUCB-038-C
ALT_DUSTERCB_P_BR_65_C_008;SDUCB-038-C
ALT_DUSTERCB_P_BR_65_C_009;SDUCB-038-C
ALT_DUSTERCB_P_BR_65_C_010;SDUCB-038-C
ALT_DUSTERCB_P_BR_65_C_011;SDUCB-038-C
ALT_DUSTERCB_P_BR_65_C_012;SDUCB-038-C
ALT_DUSTERCB_P_BR_65_C_013;SDUCB-038-C
ALT_DUSTERCB_P_BR_65_C_014;SDUCB-038-C
ALT_DUSTERCB_P_BR_65_C_015;SDUCB-038-C
ALT_DUSTERCB_P_BR_65_C_016;SDUCB-038-C
ALT_DUSTERCB_P_BR_65_C_017;SDUCB-038-C
ALT_DUSTERCB_P_BR_65_C_018;SDUCB-038-C
ALT_DUSTERCB_P_BR_65_C_019;SDUCB-038-C
ALT_DUSTERCB_P_BR_65_C_020;SDUCB-038-C
ALT_DUSTERCB_P_BR_65_C_021;SDUCB-038-C
ALT_DUSTERCB_P_BR_65_C_022;SDUCB-038-C
ALT_DUSTERCB_P_BR_65_C_023;SDUCB-038-C
ALT_DUSTERCB_P_BR_65_C_024;SDUCB-038-C
ALT_DUSTERCB_P_BR_65_C_025;SDUCB-038-C
ALT_DUSTERCB_P_BR_65_C_026;SDUCB-038-C
ALT_DUSTERCB_P_BR_65_C_027;SDUCB-038-C
ALT_DUSTERCB_P_BR_65_C_028;SDUCB-038-C
ALT_DUSTERCB_P_BR_65_C_029;SDUCB-038-C
ALT_DUSTERCB_P_BR_65_C_030;SDUCB-038-C
ALT_DUSTERCB_P_LY_89_R1;SDUCB-012-R
ALT_DUSTERCB_P_LY_98_E;SDUCB-027-E
ALT_DUSTERCB_P_LY_65_C_XXX;SDUCB-039-C
ALT_DUSTERCB_P_LY_65_C_001;SDUCB-039-C
ALT_DUSTERCB_P_LY_65_C_002;SDUCB-039-C
ALT_DUSTERCB_P_LY_65_C_003;SDUCB-039-C
ALT_DUSTERCB_P_LY_65_C_004;SDUCB-039-C
ALT_DUSTERCB_P_LY_65_C_005;SDUCB-039-C
ALT_DUSTERCB_P_LY_65_C_006;SDUCB-039-C
ALT_DUSTERCB_P_LY_65_C_007;SDUCB-039-C
ALT_DUSTERCB_P_LY_65_C_008;SDUCB-039-C
ALT_DUSTERCB_P_LY_65_C_009;SDUCB-039-C
ALT_DUSTERCB_P_LY_65_C_010;SDUCB-039-C
ALT_DUSTERCB_P_LY_65_C_011;SDUCB-039-C
ALT_DUSTERCB_P_LY_65_C_012;SDUCB-039-C
ALT_DUSTERCB_P_LY_65_C_013;SDUCB-039-C
ALT_DUSTERCB_P_LY_65_C_014;SDUCB-039-C
ALT_DUSTERCB_P_LY_65_C_015;SDUCB-039-C
ALT_DUSTERCB_P_LY_65_C_016;SDUCB-039-C
ALT_DUSTERCB_P_LY_65_C_017;SDUCB-039-C
ALT_DUSTERCB_P_LY_65_C_018;SDUCB-039-C
ALT_DUSTERCB_P_LY_65_C_019;SDUCB-039-C
ALT_DUSTERCB_P_LY_65_C_020;SDUCB-039-C
ALT_DUSTERCB_P_LY_65_C_021;SDUCB-039-C
ALT_DUSTERCB_P_LY_65_C_022;SDUCB-039-C
ALT_DUSTERCB_P_LY_65_C_023;SDUCB-039-C
ALT_DUSTERCB_P_LY_65_C_024;SDUCB-039-C
ALT_DUSTERCB_P_LY_65_C_025;SDUCB-039-C
ALT_DUSTERCB_P_LY_65_C_026;SDUCB-039-C
ALT_DUSTERCB_P_LY_65_C_027;SDUCB-039-C
ALT_DUSTERCB_P_LY_65_C_028;SDUCB-039-C
ALT_DUSTERCB_P_LY_65_C_029;SDUCB-039-C
ALT_DUSTERCB_P_LY_65_C_030;SDUCB-039-C
ALT_DUSTERCB_P_MU_99_C;SDUCB-013-C
ALT_DUSTERCB_P_MU_100_C;SDUCB-014-C
ALT_DUSTERCB_P_MU_88_R1;SDUCB-016-R
ALT_DUSTERCB_P_MU_96_E;SDUCB-028-E
ALT_DUSTERCB_P_MU_85_C_XXX;SDUCB-040-C
ALT_DUSTERCB_P_MU_85_C_001;SDUCB-040-C
ALT_DUSTERCB_P_MU_85_C_002;SDUCB-040-C
ALT_DUSTERCB_P_MU_85_C_003;SDUCB-040-C
ALT_DUSTERCB_P_MU_85_C_004;SDUCB-040-C
ALT_DUSTERCB_P_MU_85_C_005;SDUCB-040-C
ALT_DUSTERCB_P_MU_85_C_006;SDUCB-040-C
ALT_DUSTERCB_P_MU_85_C_007;SDUCB-040-C
ALT_DUSTERCB_P_MU_85_C_008;SDUCB-040-C
ALT_DUSTERCB_P_MU_85_C_009;SDUCB-040-C
ALT_DUSTERCB_P_MU_85_C_010;SDUCB-040-C
ALT_DUSTERCB_P_MU_85_C_011;SDUCB-040-C
ALT_DUSTERCB_P_MU_85_C_012;SDUCB-040-C
ALT_DUSTERCB_P_MU_85_C_013;SDUCB-040-C
ALT_DUSTERCB_P_MU_85_C_014;SDUCB-040-C
ALT_DUSTERCB_P_MU_85_C_015;SDUCB-040-C
ALT_DUSTERCB_P_MU_85_C_016;SDUCB-040-C
ALT_DUSTERCB_P_MU_85_C_017;SDUCB-040-C
ALT_DUSTERCB_P_MU_85_C_018;SDUCB-040-C
ALT_DUSTERCB_P_MU_85_C_019;SDUCB-040-C
ALT_DUSTERCB_P_MU_85_C_020;SDUCB-040-C
ALT_DUSTERCB_P_MU_85_C_021;SDUCB-040-C
ALT_DUSTERCB_P_MU_85_C_022;SDUCB-040-C
ALT_DUSTERCB_P_MU_85_C_023;SDUCB-040-C
ALT_DUSTERCB_P_MU_85_C_024;SDUCB-040-C
ALT_DUSTERCB_P_MU_85_C_025;SDUCB-040-C
ALT_DUSTERCB_P_MU_85_C_026;SDUCB-040-C
ALT_DUSTERCB_P_MU_85_C_027;SDUCB-040-C
ALT_DUSTERCB_P_MU_85_C_028;SDUCB-040-C
ALT_DUSTERCB_P_MU_85_C_029;SDUCB-040-C
ALT_DUSTERCB_P_MU_85_C_030;SDUCB-040-C
ALT_DUSTERCB_P_OR_92_C;SDUCB-018-C
ALT_DUSTERCB_P_OR_89_R1;SDUCB-019-C
ALT_DUSTERCB_P_OR_85_C_XXX;SDUCB-041-C
ALT_DUSTERCB_P_OR_85_C_001;SDUCB-041-C
ALT_DUSTERCB_P_OR_85_C_002;SDUCB-041-C
ALT_DUSTERCB_P_OR_85_C_003;SDUCB-041-C
ALT_DUSTERCB_P_OR_85_C_004;SDUCB-041-C
ALT_DUSTERCB_P_OR_85_C_005;SDUCB-041-C
ALT_DUSTERCB_P_OR_85_C_006;SDUCB-041-C
ALT_DUSTERCB_P_OR_85_C_007;SDUCB-041-C
ALT_DUSTERCB_P_OR_85_C_008;SDUCB-041-C
ALT_DUSTERCB_P_OR_85_C_009;SDUCB-041-C
ALT_DUSTERCB_P_OR_85_C_010;SDUCB-041-C
ALT_DUSTERCB_P_OR_85_C_011;SDUCB-041-C
ALT_DUSTERCB_P_OR_85_C_012;SDUCB-041-C
ALT_DUSTERCB_P_OR_85_C_013;SDUCB-041-C
ALT_DUSTERCB_P_OR_85_C_014;SDUCB-041-C
ALT_DUSTERCB_P_OR_85_C_015;SDUCB-041-C
ALT_DUSTERCB_P_OR_85_C_016;SDUCB-041-C
ALT_DUSTERCB_P_OR_85_C_017;SDUCB-041-C
ALT_DUSTERCB_P_OR_85_C_018;SDUCB-041-C
ALT_DUSTERCB_P_OR_85_C_019;SDUCB-041-C
ALT_DUSTERCB_P_OR_85_C_020;SDUCB-041-C
ALT_DUSTERCB_P_OR_85_C_021;SDUCB-041-C
ALT_DUSTERCB_P_OR_85_C_022;SDUCB-041-C
ALT_DUSTERCB_P_OR_85_C_023;SDUCB-041-C
ALT_DUSTERCB_P_OR_85_C_024;SDUCB-041-C
ALT_DUSTERCB_P_OR_85_C_025;SDUCB-041-C
ALT_DUSTERCB_P_OR_85_C_026;SDUCB-041-C
ALT_DUSTERCB_P_OR_85_C_027;SDUCB-041-C
ALT_DUSTERCB_P_OR_85_C_028;SDUCB-041-C
ALT_DUSTERCB_P_OR_85_C_029;SDUCB-041-C
ALT_DUSTERCB_P_OR_85_C_030;SDUCB-041-C
ALT_DUSTERCB_P_YZ_96_R1;SDUCB-023-R
ALT_DUSTERCB_P_YZ_65_C_XXX;SDUCB-042-C
ALT_DUSTERCB_P_YZ_65_C_001;SDUCB-042-C
ALT_DUSTERCB_P_YZ_65_C_002;SDUCB-042-C
ALT_DUSTERCB_P_YZ_65_C_003;SDUCB-042-C
ALT_DUSTERCB_P_YZ_65_C_004;SDUCB-042-C
ALT_DUSTERCB_P_YZ_65_C_005;SDUCB-042-C
ALT_DUSTERCB_P_YZ_65_C_006;SDUCB-042-C
ALT_DUSTERCB_P_YZ_65_C_007;SDUCB-042-C
ALT_DUSTERCB_P_YZ_65_C_008;SDUCB-042-C
ALT_DUSTERCB_P_YZ_65_C_009;SDUCB-042-C
ALT_DUSTERCB_P_YZ_65_C_010;SDUCB-042-C
ALT_DUSTERCB_P_YZ_65_C_011;SDUCB-042-C
ALT_DUSTERCB_P_YZ_65_C_012;SDUCB-042-C
ALT_DUSTERCB_P_YZ_65_C_013;SDUCB-042-C
ALT_DUSTERCB_P_YZ_65_C_014;SDUCB-042-C
ALT_DUSTERCB_P_YZ_65_C_015;SDUCB-042-C
ALT_DUSTERCB_P_YZ_65_C_016;SDUCB-042-C
ALT_DUSTERCB_P_YZ_65_C_017;SDUCB-042-C
ALT_DUSTERCB_P_YZ_65_C_018;SDUCB-042-C
ALT_DUSTERCB_P_YZ_65_C_019;SDUCB-042-C
ALT_DUSTERCB_P_YZ_65_C_020;SDUCB-042-C
ALT_DUSTERCB_P_YZ_65_C_021;SDUCB-042-C
ALT_DUSTERCB_P_YZ_65_C_022;SDUCB-042-C
ALT_DUSTERCB_P_YZ_65_C_023;SDUCB-042-C
ALT_DUSTERCB_P_YZ_65_C_024;SDUCB-042-C
ALT_DUSTERCB_P_YZ_65_C_025;SDUCB-042-C
ALT_DUSTERCB_P_YZ_65_C_026;SDUCB-042-C
ALT_DUSTERCB_P_YZ_65_C_027;SDUCB-042-C
ALT_DUSTERCB_P_YZ_65_C_028;SDUCB-042-C
ALT_DUSTERCB_P_YZ_65_C_029;SDUCB-042-C
ALT_DUSTERCB_P_YZ_65_C_030;SDUCB-042-C
ALT_DUSTEROP_A_MU_83_C;SDUOP-023-T
ALT_DUSTEROP_P_AX_97_C;SDUOP-001-C
ALT_DUSTEROP_P_AX_93_R1;SDUOP-007-R
ALT_DUSTEROP_A_BR_99_R2;SOUOP-015-F
ALT_DUSTEROP_P_BR_95_C;SDUOP-002-C
ALT_DUSTEROP_P_BR_94_R1;SDUOP-008-R
ALT_DUSTEROP_A_BR_99_C;SDUOP-015-C
ALT_DUSTEROP_A_BR_99_R1;SDUOP-015-R
ALT_DUSTEROP_A_YZ_97_R2;SDUOP-019-F
ALT_DUSTEROP_P_LY_87_C;SDUOP-003-C
ALT_DUSTEROP_P_LY_94_R1;SDUOP-009-R
ALT_DUSTEROP_A_LY_100_C;SDUOP-016-C
ALT_DUSTEROP_A_LY_100_R1;SDUOP-016-R
ALT_DUSTEROP_A_MU_98_R2;SDUOP-017-F
ALT_DUSTEROP_A_OR_98_R2;SDUOP-018-F
ALT_DUSTEROP_P_MU_94_C;SDUOP-004-C
ALT_DUSTEROP_P_MU_89_R1;SDUOP-010-R
ALT_DUSTEROP_A_MU_98_C;SDUOP-017-C
ALT_DUSTEROP_A_MU_98_R1;SDUOP-017-R
ALT_DUSTEROP_P_OR_100_C;SDUOP-005-C
ALT_DUSTEROP_P_OR_86_R1;SDUOP-011-R
ALT_DUSTEROP_P_OR_101_C;SDUOP-013-C
ALT_DUSTEROP_P_OR_101_R1;SDUOP-013-R
ALT_DUSTEROP_A_OR_98_C;SDUOP-018-C
ALT_DUSTEROP_A_OR_98_R1;SDUOP-018-R
ALT_DUSTEROP_P_YZ_89_C;SDUOP-006-C
ALT_DUSTEROP_P_YZ_91_R1;SDUOP-012-R
ALT_DUSTEROP_A_AX_98_R2;SDUOP-014-F
ALT_DUSTEROP_A_LY_100_R2;SDUOP-016-F
ALT_DUSTEROP_A_YZ_97_C;SDUOP-019-C
ALT_DUSTEROP_A_YZ_97_R1;SDUOP-019-R
ALT_DUSTERTOP_P_AX_04_C;SDUTOP-001-C
ALT_DUSTERTOP_P_AX_41_C;SDUTOP-013-C
ALT_DUSTERTOP_P_AX_32_R1;SDUTOP-014-R
ALT_DUSTERTOP_P_BR_30_R1;SDUTOP-004-R
ALT_DUSTERTOP_P_BR_32_C;SDUTOP-015-C
ALT_DUSTERTOP_P_BR_38_R1;SDUTOP-016-R
ALT_DUSTERTOP_P_LY_07_C;SDUTOP-005-C
ALT_DUSTERTOP_P_LY_04_R1;SDUTOP-006-R
ALT_DUSTERTOP_P_LY_31_C;SDUTOP-017-C
ALT_DUSTERTOP_P_LY_39_R1;SDUTOP-018-R
ALT_DUSTERTOP_P_MU_13_C;SDUTOP-007-C
ALT_DUSTERTOP_P_MU_12_R1;SDUTOP-008-R
ALT_DUSTERTOP_P_MU_44_C;SDUTOP-019-C
ALT_DUSTERTOP_P_MU_33_R1;SDUTOP-020-R
ALT_DUSTERTOP_P_OR_14_C;SDUTOP-009-C
ALT_DUSTERTOP_P_OR_08_R1;SDUTOP-010-R
ALT_DUSTERTOP_P_OR_42_C;SDUTOP-021-C
ALT_DUSTERTOP_P_OR_43_R1;SDUTOP-022-R
ALT_DUSTERTOP_P_YZ_06_C;SDUTOP-011-C
ALT_DUSTERTOP_P_YZ_12_R1;SDUTOP-012-R
ALT_DUSTERTOP_P_YZ_41_C;SDUTOP-023-C
ALT_DUSTERTOP_P_YZ_44_R1;SDUTOP-024-R
ALT_EOLE_B_NE_03_C;ROC-115-T
ALT_EOLECB_A_AX_106_C;ROCCB-V-002-C
ALT_EOLECB_A_AX_108_R1;[Code non trouvé]
ALT_EOLECB_A_AX_122_R1;[Code non trouvé]
ALT_EOLECB_A_AX_118_C;[Code non trouvé]
ALT_EOLECB_A_BR_107_C;[Code non trouvé]
ALT_EOLECB_A_BR_108_R1;[Code non trouvé]
ALT_EOLECB_A_BR_117_C;[Code non trouvé]
ALT_EOLECB_A_BR_113_R1;[Code non trouvé]
ALT_EOLECB_A_LY_107_R1;[Code non trouvé]
ALT_EOLECB_A_LY_113_R1;[Code non trouvé]
ALT_EOLECB_A_LY_108_C;[Code non trouvé]
ALT_EOLECB_A_LY_106_C;[Code non trouvé]
ALT_EOLECB_A_MU_108_R1;[Code non trouvé]
ALT_EOLECB_A_MU_110_C;[Code non trouvé]
ALT_EOLECB_A_MU_120_C;[Code non trouvé]
ALT_EOLECB_A_MU_116_R1;[Code non trouvé]
ALT_EOLECB_A_OR_112_C;[Code non trouvé]
ALT_EOLECB_A_OR_110_R1;[Code non trouvé]
ALT_EOLECB_A_OR_113_C;[Code non trouvé]
ALT_EOLECB_A_OR_114_R1;[Code non trouvé]
ALT_EOLECB_A_YZ_118_R1;[Code non trouvé]
ALT_EOLECB_A_YZ_108_C;[Code non trouvé]
ALT_EOLECB_A_YZ_114_R1;[Code non trouvé]
ALT_EOLECB_A_YZ_117_C;[Code non trouvé]
ALT_JUDGE_P_OR_16_R1;JUDGE-01-R
ALT_MUSUBI_B_AX_30_R1;MUSUBI-XS-007-R
ALT_MUSUBI_B_BR_74_R1;MUSUBI-XS-008-R
ALT_MUSUBI_B_LY_29_R1;MUSUBI-XS-009-R
ALT_MUSUBI_B_MU_70_R1;MUSUBI-XS-010-R
ALT_MUSUBI_B_OR_66_R1;MUSUBI-XS-011-R
ALT_MUSUBI_B_YZ_21_C;MUSUBI-XS-012-C
